<?xml version="1.0" encoding="UTF-8"?>
<definitions xmlns="http://www.omg.org/spec/BPMN/20100524/MODEL" xmlns:xsi="http://www.w3.org/2001/XMLSchema-instance" xmlns:xsd="http://www.w3.org/2001/XMLSchema" xmlns:activiti="http://activiti.org/bpmn" xmlns:bpmndi="http://www.omg.org/spec/BPMN/20100524/DI" xmlns:omgdc="http://www.omg.org/spec/DD/20100524/DC" xmlns:omgdi="http://www.omg.org/spec/DD/20100524/DI" typeLanguage="http://www.w3.org/2001/XMLSchema" expressionLanguage="http://www.w3.org/1999/XPath" targetNamespace="http://www.activiti.org/processdef">
  <process id="qingjia" isExecutable="true">
    <startEvent id="sid-C02793BC-EB50-49A3-9CF1-2682F14CF964"></startEvent>
    <userTask id="sid-FE44CDCB-CC4A-4189-81F4-F4C0CE1CBB47" name="张三审批" activiti:assignee="zhangsan"></userTask>
    <userTask id="sid-A8013220-F019-4BE2-9BCD-0C87F80C71E3" name="李四审批" activiti:assignee="lisi"></userTask>
    <endEvent id="sid-EF89FFFF-6BD8-470C-B65A-E87C46EF4852"></endEvent>
    <sequenceFlow id="sid-4E4B779E-B6B0-40F8-A4F3-2B71B9C593F8" sourceRef="sid-C02793BC-EB50-49A3-9CF1-2682F14CF964" targetRef="sid-FE44CDCB-CC4A-4189-81F4-F4C0CE1CBB47"></sequenceFlow>
    <sequenceFlow id="sid-00E27E53-13FA-4E47-9A0E-008A28B96B29" sourceRef="sid-FE44CDCB-CC4A-4189-81F4-F4C0CE1CBB47" targetRef="sid-A8013220-F019-4BE2-9BCD-0C87F80C71E3"></sequenceFlow>
    <sequenceFlow id="sid-54A6B45C-C32A-4059-BDB7-D80894515C09" sourceRef="sid-A8013220-F019-4BE2-9BCD-0C87F80C71E3" targetRef="sid-EF89FFFF-6BD8-470C-B65A-E87C46EF4852"></sequenceFlow>
  </process>
  <bpmndi:BPMNDiagram id="BPMNDiagram_qingjia">
    <bpmndi:BPMNPlane bpmnElement="qingjia" id="BPMNPlane_qingjia">
      <bpmndi:BPMNShape bpmnElement="sid-C02793BC-EB50-49A3-9CF1-2682F14CF964" id="BPMNShape_sid-C02793BC-EB50-49A3-9CF1-2682F14CF964">
        <omgdc:Bounds height="30.0" width="30.0" x="209.9999937415125" y="83.99999278783842"></omgdc:Bounds>
      </bpmndi:BPMNShape>
      <bpmndi:BPMNShape bpmnElement="sid-FE44CDCB-CC4A-4189-81F4-F4C0CE1CBB47" id="BPMNShape_sid-FE44CDCB-CC4A-4189-81F4-F4C0CE1CBB47">
        <omgdc:Bounds height="80.0" width="100.0" x="329.9999901652339" y="58.99999529123329"></omgdc:Bounds>
      </bpmndi:BPMNShape>
      <bpmndi:BPMNShape bpmnElement="sid-A8013220-F019-4BE2-9BCD-0C87F80C71E3" id="BPMNShape_sid-A8013220-F019-4BE2-9BCD-0C87F80C71E3">
        <omgdc:Bounds height="80.00000000000003" width="100.0" x="509.99996960163253" y="58.99999099969935"></omgdc:Bounds>
      </bpmndi:BPMNShape>
      <bpmndi:BPMNShape bpmnElement="sid-EF89FFFF-6BD8-470C-B65A-E87C46EF4852" id="BPMNShape_sid-EF89FFFF-6BD8-470C-B65A-E87C46EF4852">
        <omgdc:Bounds height="28.0" width="28.0" x="704.9999789893634" y="84.9999927580361"></omgdc:Bounds>
      </bpmndi:BPMNShape>
      <bpmndi:BPMNEdge bpmnElement="sid-4E4B779E-B6B0-40F8-A4F3-2B71B9C593F8" id="BPMNEdge_sid-4E4B779E-B6B0-40F8-A4F3-2B71B9C593F8">
        <omgdi:waypoint x="239.9999937415125" y="98.99999303010244"></omgdi:waypoint>
        <omgdi:waypoint x="329.9999901652339" y="98.99999448368655"></omgdi:waypoint>
      </bpmndi:BPMNEdge>
      <bpmndi:BPMNEdge bpmnElement="sid-00E27E53-13FA-4E47-9A0E-008A28B96B29" id="BPMNEdge_sid-00E27E53-13FA-4E47-9A0E-008A28B96B29">
        <omgdi:waypoint x="429.9999901652339" y="98.9999940991404"></omgdi:waypoint>
        <omgdi:waypoint x="509.99996960163253" y="98.99999219179224"></omgdi:waypoint>
      </bpmndi:BPMNEdge>
      <bpmndi:BPMNEdge bpmnElement="sid-54A6B45C-C32A-4059-BDB7-D80894515C09" id="BPMNEdge_sid-54A6B45C-C32A-4059-BDB7-D80894515C09">
        <omgdi:waypoint x="609.9999696016325" y="98.99999155263541"></omgdi:waypoint>
        <omgdi:waypoint x="704.9999789893634" y="98.99999260321401"></omgdi:waypoint>
      </bpmndi:BPMNEdge>
    </bpmndi:BPMNPlane>
  </bpmndi:BPMNDiagram>
</definitions>