/*
 Navicat Premium Data Transfer

 Source Server         : localhost
 Source Server Type    : MySQL
 Source Server Version : 50732
 Source Host           : localhost:3306
 Source Schema         : vue-system

 Target Server Type    : MySQL
 Target Server Version : 50732
 File Encoding         : 65001

 Date: 07/08/2024 10:10:03
*/

SET NAMES utf8mb4;
SET FOREIGN_KEY_CHECKS = 0;

-- ----------------------------
-- Table structure for gen_table
-- ----------------------------
DROP TABLE IF EXISTS `gen_table`;
CREATE TABLE `gen_table`  (
  `table_id` bigint(20) NOT NULL AUTO_INCREMENT COMMENT '编号',
  `table_name` varchar(200) CHARACTER SET utf8mb4 COLLATE utf8mb4_general_ci NULL DEFAULT '' COMMENT '表名称',
  `table_comment` varchar(500) CHARACTER SET utf8mb4 COLLATE utf8mb4_general_ci NULL DEFAULT '' COMMENT '表描述',
  `sub_table_name` varchar(64) CHARACTER SET utf8mb4 COLLATE utf8mb4_general_ci NULL DEFAULT NULL COMMENT '关联子表的表名',
  `sub_table_fk_name` varchar(64) CHARACTER SET utf8mb4 COLLATE utf8mb4_general_ci NULL DEFAULT NULL COMMENT '子表关联的外键名',
  `class_name` varchar(100) CHARACTER SET utf8mb4 COLLATE utf8mb4_general_ci NULL DEFAULT '' COMMENT '实体类名称',
  `tpl_category` varchar(200) CHARACTER SET utf8mb4 COLLATE utf8mb4_general_ci NULL DEFAULT 'crud' COMMENT '使用的模板（crud单表操作 tree树表操作）',
  `tpl_web_type` varchar(30) CHARACTER SET utf8mb4 COLLATE utf8mb4_general_ci NULL DEFAULT '' COMMENT '前端模板类型（element-ui模版 element-plus模版）',
  `package_name` varchar(100) CHARACTER SET utf8mb4 COLLATE utf8mb4_general_ci NULL DEFAULT NULL COMMENT '生成包路径',
  `module_name` varchar(30) CHARACTER SET utf8mb4 COLLATE utf8mb4_general_ci NULL DEFAULT NULL COMMENT '生成模块名',
  `business_name` varchar(30) CHARACTER SET utf8mb4 COLLATE utf8mb4_general_ci NULL DEFAULT NULL COMMENT '生成业务名',
  `function_name` varchar(50) CHARACTER SET utf8mb4 COLLATE utf8mb4_general_ci NULL DEFAULT NULL COMMENT '生成功能名',
  `function_author` varchar(50) CHARACTER SET utf8mb4 COLLATE utf8mb4_general_ci NULL DEFAULT NULL COMMENT '生成功能作者',
  `gen_type` char(1) CHARACTER SET utf8mb4 COLLATE utf8mb4_general_ci NULL DEFAULT '0' COMMENT '生成代码方式（0zip压缩包 1自定义路径）',
  `gen_path` varchar(200) CHARACTER SET utf8mb4 COLLATE utf8mb4_general_ci NULL DEFAULT '/' COMMENT '生成路径（不填默认项目路径）',
  `options` varchar(1000) CHARACTER SET utf8mb4 COLLATE utf8mb4_general_ci NULL DEFAULT NULL COMMENT '其它生成选项',
  `create_by` varchar(64) CHARACTER SET utf8mb4 COLLATE utf8mb4_general_ci NULL DEFAULT '' COMMENT '创建者',
  `create_time` datetime NULL DEFAULT NULL COMMENT '创建时间',
  `update_by` varchar(64) CHARACTER SET utf8mb4 COLLATE utf8mb4_general_ci NULL DEFAULT '' COMMENT '更新者',
  `update_time` datetime NULL DEFAULT NULL COMMENT '更新时间',
  `remark` varchar(500) CHARACTER SET utf8mb4 COLLATE utf8mb4_general_ci NULL DEFAULT NULL COMMENT '备注',
  `orm_type` char(1) CHARACTER SET utf8mb4 COLLATE utf8mb4_general_ci NULL DEFAULT NULL COMMENT '持久层框架(0-mybatis,1-mybatis-plus)',
  `gen_export` char(1) CHARACTER SET utf8mb4 COLLATE utf8mb4_general_ci NULL DEFAULT NULL COMMENT '是否生成导出(0-不生成,1-生成)',
  PRIMARY KEY (`table_id`) USING BTREE
) ENGINE = InnoDB AUTO_INCREMENT = 34 CHARACTER SET = utf8mb4 COLLATE = utf8mb4_general_ci COMMENT = '代码生成业务表' ROW_FORMAT = DYNAMIC;

-- ----------------------------
-- Records of gen_table
-- ----------------------------

-- ----------------------------
-- Table structure for gen_table_column
-- ----------------------------
DROP TABLE IF EXISTS `gen_table_column`;
CREATE TABLE `gen_table_column`  (
  `column_id` bigint(20) NOT NULL AUTO_INCREMENT COMMENT '编号',
  `table_id` bigint(20) NULL DEFAULT NULL COMMENT '归属表编号',
  `column_name` varchar(200) CHARACTER SET utf8mb4 COLLATE utf8mb4_general_ci NULL DEFAULT NULL COMMENT '列名称',
  `column_comment` varchar(500) CHARACTER SET utf8mb4 COLLATE utf8mb4_general_ci NULL DEFAULT NULL COMMENT '列描述',
  `column_type` varchar(100) CHARACTER SET utf8mb4 COLLATE utf8mb4_general_ci NULL DEFAULT NULL COMMENT '列类型',
  `java_type` varchar(500) CHARACTER SET utf8mb4 COLLATE utf8mb4_general_ci NULL DEFAULT NULL COMMENT 'JAVA类型',
  `java_field` varchar(200) CHARACTER SET utf8mb4 COLLATE utf8mb4_general_ci NULL DEFAULT NULL COMMENT 'JAVA字段名',
  `is_pk` char(1) CHARACTER SET utf8mb4 COLLATE utf8mb4_general_ci NULL DEFAULT NULL COMMENT '是否主键（1是）',
  `is_increment` char(1) CHARACTER SET utf8mb4 COLLATE utf8mb4_general_ci NULL DEFAULT NULL COMMENT '是否自增（1是）',
  `is_required` char(1) CHARACTER SET utf8mb4 COLLATE utf8mb4_general_ci NULL DEFAULT NULL COMMENT '是否必填（1是）',
  `is_insert` char(1) CHARACTER SET utf8mb4 COLLATE utf8mb4_general_ci NULL DEFAULT NULL COMMENT '是否为插入字段（1是）',
  `is_edit` char(1) CHARACTER SET utf8mb4 COLLATE utf8mb4_general_ci NULL DEFAULT NULL COMMENT '是否编辑字段（1是）',
  `is_list` char(1) CHARACTER SET utf8mb4 COLLATE utf8mb4_general_ci NULL DEFAULT NULL COMMENT '是否列表字段（1是）',
  `is_export` char(1) CHARACTER SET utf8mb4 COLLATE utf8mb4_general_ci NULL DEFAULT NULL COMMENT '是否生成导出(0-不生成,1-生成)',
  `is_query` char(1) CHARACTER SET utf8mb4 COLLATE utf8mb4_general_ci NULL DEFAULT NULL COMMENT '是否查询字段（1是）',
  `query_type` varchar(200) CHARACTER SET utf8mb4 COLLATE utf8mb4_general_ci NULL DEFAULT 'EQ' COMMENT '查询方式（等于、不等于、大于、小于、范围）',
  `html_type` varchar(200) CHARACTER SET utf8mb4 COLLATE utf8mb4_general_ci NULL DEFAULT NULL COMMENT '显示类型（文本框、文本域、下拉框、复选框、单选框、日期控件）',
  `dict_type` varchar(200) CHARACTER SET utf8mb4 COLLATE utf8mb4_general_ci NULL DEFAULT '' COMMENT '字典类型',
  `sort` int(11) NULL DEFAULT NULL COMMENT '排序',
  `create_by` varchar(64) CHARACTER SET utf8mb4 COLLATE utf8mb4_general_ci NULL DEFAULT '' COMMENT '创建者',
  `create_time` datetime NULL DEFAULT NULL COMMENT '创建时间',
  `update_by` varchar(64) CHARACTER SET utf8mb4 COLLATE utf8mb4_general_ci NULL DEFAULT '' COMMENT '更新者',
  `update_time` datetime NULL DEFAULT NULL COMMENT '更新时间',
  PRIMARY KEY (`column_id`) USING BTREE
) ENGINE = InnoDB AUTO_INCREMENT = 328 CHARACTER SET = utf8mb4 COLLATE = utf8mb4_general_ci COMMENT = '代码生成业务表字段' ROW_FORMAT = DYNAMIC;

-- ----------------------------
-- Records of gen_table_column
-- ----------------------------

-- ----------------------------
-- Table structure for qrtz_blob_triggers
-- ----------------------------
DROP TABLE IF EXISTS `qrtz_blob_triggers`;
CREATE TABLE `qrtz_blob_triggers`  (
  `SCHED_NAME` varchar(120) CHARACTER SET utf8mb4 COLLATE utf8mb4_general_ci NOT NULL,
  `TRIGGER_NAME` varchar(200) CHARACTER SET utf8mb4 COLLATE utf8mb4_general_ci NOT NULL,
  `TRIGGER_GROUP` varchar(200) CHARACTER SET utf8mb4 COLLATE utf8mb4_general_ci NOT NULL,
  `BLOB_DATA` blob NULL,
  PRIMARY KEY (`SCHED_NAME`, `TRIGGER_NAME`, `TRIGGER_GROUP`) USING BTREE,
  CONSTRAINT `qrtz_blob_triggers_ibfk_1` FOREIGN KEY (`SCHED_NAME`, `TRIGGER_NAME`, `TRIGGER_GROUP`) REFERENCES `qrtz_triggers` (`SCHED_NAME`, `TRIGGER_NAME`, `TRIGGER_GROUP`) ON DELETE RESTRICT ON UPDATE RESTRICT
) ENGINE = InnoDB CHARACTER SET = utf8mb4 COLLATE = utf8mb4_general_ci ROW_FORMAT = DYNAMIC;

-- ----------------------------
-- Records of qrtz_blob_triggers
-- ----------------------------

-- ----------------------------
-- Table structure for qrtz_calendars
-- ----------------------------
DROP TABLE IF EXISTS `qrtz_calendars`;
CREATE TABLE `qrtz_calendars`  (
  `SCHED_NAME` varchar(120) CHARACTER SET utf8mb4 COLLATE utf8mb4_general_ci NOT NULL,
  `CALENDAR_NAME` varchar(200) CHARACTER SET utf8mb4 COLLATE utf8mb4_general_ci NOT NULL,
  `CALENDAR` blob NOT NULL,
  PRIMARY KEY (`SCHED_NAME`, `CALENDAR_NAME`) USING BTREE
) ENGINE = InnoDB CHARACTER SET = utf8mb4 COLLATE = utf8mb4_general_ci ROW_FORMAT = DYNAMIC;

-- ----------------------------
-- Records of qrtz_calendars
-- ----------------------------

-- ----------------------------
-- Table structure for qrtz_cron_triggers
-- ----------------------------
DROP TABLE IF EXISTS `qrtz_cron_triggers`;
CREATE TABLE `qrtz_cron_triggers`  (
  `SCHED_NAME` varchar(120) CHARACTER SET utf8mb4 COLLATE utf8mb4_general_ci NOT NULL,
  `TRIGGER_NAME` varchar(200) CHARACTER SET utf8mb4 COLLATE utf8mb4_general_ci NOT NULL,
  `TRIGGER_GROUP` varchar(200) CHARACTER SET utf8mb4 COLLATE utf8mb4_general_ci NOT NULL,
  `CRON_EXPRESSION` varchar(200) CHARACTER SET utf8mb4 COLLATE utf8mb4_general_ci NOT NULL,
  `TIME_ZONE_ID` varchar(80) CHARACTER SET utf8mb4 COLLATE utf8mb4_general_ci NULL DEFAULT NULL,
  PRIMARY KEY (`SCHED_NAME`, `TRIGGER_NAME`, `TRIGGER_GROUP`) USING BTREE,
  CONSTRAINT `qrtz_cron_triggers_ibfk_1` FOREIGN KEY (`SCHED_NAME`, `TRIGGER_NAME`, `TRIGGER_GROUP`) REFERENCES `qrtz_triggers` (`SCHED_NAME`, `TRIGGER_NAME`, `TRIGGER_GROUP`) ON DELETE RESTRICT ON UPDATE RESTRICT
) ENGINE = InnoDB CHARACTER SET = utf8mb4 COLLATE = utf8mb4_general_ci ROW_FORMAT = DYNAMIC;

-- ----------------------------
-- Records of qrtz_cron_triggers
-- ----------------------------

-- ----------------------------
-- Table structure for qrtz_fired_triggers
-- ----------------------------
DROP TABLE IF EXISTS `qrtz_fired_triggers`;
CREATE TABLE `qrtz_fired_triggers`  (
  `SCHED_NAME` varchar(120) CHARACTER SET utf8mb4 COLLATE utf8mb4_general_ci NOT NULL,
  `ENTRY_ID` varchar(95) CHARACTER SET utf8mb4 COLLATE utf8mb4_general_ci NOT NULL,
  `TRIGGER_NAME` varchar(200) CHARACTER SET utf8mb4 COLLATE utf8mb4_general_ci NOT NULL,
  `TRIGGER_GROUP` varchar(200) CHARACTER SET utf8mb4 COLLATE utf8mb4_general_ci NOT NULL,
  `INSTANCE_NAME` varchar(200) CHARACTER SET utf8mb4 COLLATE utf8mb4_general_ci NOT NULL,
  `FIRED_TIME` bigint(13) NOT NULL,
  `SCHED_TIME` bigint(13) NOT NULL,
  `PRIORITY` int(11) NOT NULL,
  `STATE` varchar(16) CHARACTER SET utf8mb4 COLLATE utf8mb4_general_ci NOT NULL,
  `JOB_NAME` varchar(200) CHARACTER SET utf8mb4 COLLATE utf8mb4_general_ci NULL DEFAULT NULL,
  `JOB_GROUP` varchar(200) CHARACTER SET utf8mb4 COLLATE utf8mb4_general_ci NULL DEFAULT NULL,
  `IS_NONCONCURRENT` varchar(1) CHARACTER SET utf8mb4 COLLATE utf8mb4_general_ci NULL DEFAULT NULL,
  `REQUESTS_RECOVERY` varchar(1) CHARACTER SET utf8mb4 COLLATE utf8mb4_general_ci NULL DEFAULT NULL,
  PRIMARY KEY (`SCHED_NAME`, `ENTRY_ID`) USING BTREE
) ENGINE = InnoDB CHARACTER SET = utf8mb4 COLLATE = utf8mb4_general_ci ROW_FORMAT = DYNAMIC;

-- ----------------------------
-- Records of qrtz_fired_triggers
-- ----------------------------

-- ----------------------------
-- Table structure for qrtz_job_details
-- ----------------------------
DROP TABLE IF EXISTS `qrtz_job_details`;
CREATE TABLE `qrtz_job_details`  (
  `SCHED_NAME` varchar(120) CHARACTER SET utf8mb4 COLLATE utf8mb4_general_ci NOT NULL,
  `JOB_NAME` varchar(200) CHARACTER SET utf8mb4 COLLATE utf8mb4_general_ci NOT NULL,
  `JOB_GROUP` varchar(200) CHARACTER SET utf8mb4 COLLATE utf8mb4_general_ci NOT NULL,
  `DESCRIPTION` varchar(250) CHARACTER SET utf8mb4 COLLATE utf8mb4_general_ci NULL DEFAULT NULL,
  `JOB_CLASS_NAME` varchar(250) CHARACTER SET utf8mb4 COLLATE utf8mb4_general_ci NOT NULL,
  `IS_DURABLE` varchar(1) CHARACTER SET utf8mb4 COLLATE utf8mb4_general_ci NOT NULL,
  `IS_NONCONCURRENT` varchar(1) CHARACTER SET utf8mb4 COLLATE utf8mb4_general_ci NOT NULL,
  `IS_UPDATE_DATA` varchar(1) CHARACTER SET utf8mb4 COLLATE utf8mb4_general_ci NOT NULL,
  `REQUESTS_RECOVERY` varchar(1) CHARACTER SET utf8mb4 COLLATE utf8mb4_general_ci NOT NULL,
  `JOB_DATA` blob NULL,
  PRIMARY KEY (`SCHED_NAME`, `JOB_NAME`, `JOB_GROUP`) USING BTREE
) ENGINE = InnoDB CHARACTER SET = utf8mb4 COLLATE = utf8mb4_general_ci ROW_FORMAT = DYNAMIC;

-- ----------------------------
-- Records of qrtz_job_details
-- ----------------------------

-- ----------------------------
-- Table structure for qrtz_locks
-- ----------------------------
DROP TABLE IF EXISTS `qrtz_locks`;
CREATE TABLE `qrtz_locks`  (
  `SCHED_NAME` varchar(120) CHARACTER SET utf8mb4 COLLATE utf8mb4_general_ci NOT NULL,
  `LOCK_NAME` varchar(40) CHARACTER SET utf8mb4 COLLATE utf8mb4_general_ci NOT NULL,
  PRIMARY KEY (`SCHED_NAME`, `LOCK_NAME`) USING BTREE
) ENGINE = InnoDB CHARACTER SET = utf8mb4 COLLATE = utf8mb4_general_ci ROW_FORMAT = DYNAMIC;

-- ----------------------------
-- Records of qrtz_locks
-- ----------------------------
INSERT INTO `qrtz_locks` VALUES ('VueSystemScheduler', 'TRIGGER_ACCESS');

-- ----------------------------
-- Table structure for qrtz_paused_trigger_grps
-- ----------------------------
DROP TABLE IF EXISTS `qrtz_paused_trigger_grps`;
CREATE TABLE `qrtz_paused_trigger_grps`  (
  `SCHED_NAME` varchar(120) CHARACTER SET utf8mb4 COLLATE utf8mb4_general_ci NOT NULL,
  `TRIGGER_GROUP` varchar(200) CHARACTER SET utf8mb4 COLLATE utf8mb4_general_ci NOT NULL,
  PRIMARY KEY (`SCHED_NAME`, `TRIGGER_GROUP`) USING BTREE
) ENGINE = InnoDB CHARACTER SET = utf8mb4 COLLATE = utf8mb4_general_ci ROW_FORMAT = DYNAMIC;

-- ----------------------------
-- Records of qrtz_paused_trigger_grps
-- ----------------------------

-- ----------------------------
-- Table structure for qrtz_scheduler_state
-- ----------------------------
DROP TABLE IF EXISTS `qrtz_scheduler_state`;
CREATE TABLE `qrtz_scheduler_state`  (
  `SCHED_NAME` varchar(120) CHARACTER SET utf8mb4 COLLATE utf8mb4_general_ci NOT NULL,
  `INSTANCE_NAME` varchar(200) CHARACTER SET utf8mb4 COLLATE utf8mb4_general_ci NOT NULL,
  `LAST_CHECKIN_TIME` bigint(13) NOT NULL,
  `CHECKIN_INTERVAL` bigint(13) NOT NULL,
  PRIMARY KEY (`SCHED_NAME`, `INSTANCE_NAME`) USING BTREE
) ENGINE = InnoDB CHARACTER SET = utf8mb4 COLLATE = utf8mb4_general_ci ROW_FORMAT = DYNAMIC;

-- ----------------------------
-- Records of qrtz_scheduler_state
-- ----------------------------

-- ----------------------------
-- Table structure for qrtz_simple_triggers
-- ----------------------------
DROP TABLE IF EXISTS `qrtz_simple_triggers`;
CREATE TABLE `qrtz_simple_triggers`  (
  `SCHED_NAME` varchar(120) CHARACTER SET utf8mb4 COLLATE utf8mb4_general_ci NOT NULL,
  `TRIGGER_NAME` varchar(200) CHARACTER SET utf8mb4 COLLATE utf8mb4_general_ci NOT NULL,
  `TRIGGER_GROUP` varchar(200) CHARACTER SET utf8mb4 COLLATE utf8mb4_general_ci NOT NULL,
  `REPEAT_COUNT` bigint(7) NOT NULL,
  `REPEAT_INTERVAL` bigint(12) NOT NULL,
  `TIMES_TRIGGERED` bigint(10) NOT NULL,
  PRIMARY KEY (`SCHED_NAME`, `TRIGGER_NAME`, `TRIGGER_GROUP`) USING BTREE,
  CONSTRAINT `qrtz_simple_triggers_ibfk_1` FOREIGN KEY (`SCHED_NAME`, `TRIGGER_NAME`, `TRIGGER_GROUP`) REFERENCES `qrtz_triggers` (`SCHED_NAME`, `TRIGGER_NAME`, `TRIGGER_GROUP`) ON DELETE RESTRICT ON UPDATE RESTRICT
) ENGINE = InnoDB CHARACTER SET = utf8mb4 COLLATE = utf8mb4_general_ci ROW_FORMAT = DYNAMIC;

-- ----------------------------
-- Records of qrtz_simple_triggers
-- ----------------------------

-- ----------------------------
-- Table structure for qrtz_simprop_triggers
-- ----------------------------
DROP TABLE IF EXISTS `qrtz_simprop_triggers`;
CREATE TABLE `qrtz_simprop_triggers`  (
  `SCHED_NAME` varchar(120) CHARACTER SET utf8mb4 COLLATE utf8mb4_general_ci NOT NULL,
  `TRIGGER_NAME` varchar(200) CHARACTER SET utf8mb4 COLLATE utf8mb4_general_ci NOT NULL,
  `TRIGGER_GROUP` varchar(200) CHARACTER SET utf8mb4 COLLATE utf8mb4_general_ci NOT NULL,
  `STR_PROP_1` varchar(512) CHARACTER SET utf8mb4 COLLATE utf8mb4_general_ci NULL DEFAULT NULL,
  `STR_PROP_2` varchar(512) CHARACTER SET utf8mb4 COLLATE utf8mb4_general_ci NULL DEFAULT NULL,
  `STR_PROP_3` varchar(512) CHARACTER SET utf8mb4 COLLATE utf8mb4_general_ci NULL DEFAULT NULL,
  `INT_PROP_1` int(11) NULL DEFAULT NULL,
  `INT_PROP_2` int(11) NULL DEFAULT NULL,
  `LONG_PROP_1` bigint(20) NULL DEFAULT NULL,
  `LONG_PROP_2` bigint(20) NULL DEFAULT NULL,
  `DEC_PROP_1` decimal(13, 4) NULL DEFAULT NULL,
  `DEC_PROP_2` decimal(13, 4) NULL DEFAULT NULL,
  `BOOL_PROP_1` varchar(1) CHARACTER SET utf8mb4 COLLATE utf8mb4_general_ci NULL DEFAULT NULL,
  `BOOL_PROP_2` varchar(1) CHARACTER SET utf8mb4 COLLATE utf8mb4_general_ci NULL DEFAULT NULL,
  PRIMARY KEY (`SCHED_NAME`, `TRIGGER_NAME`, `TRIGGER_GROUP`) USING BTREE,
  CONSTRAINT `qrtz_simprop_triggers_ibfk_1` FOREIGN KEY (`SCHED_NAME`, `TRIGGER_NAME`, `TRIGGER_GROUP`) REFERENCES `qrtz_triggers` (`SCHED_NAME`, `TRIGGER_NAME`, `TRIGGER_GROUP`) ON DELETE RESTRICT ON UPDATE RESTRICT
) ENGINE = InnoDB CHARACTER SET = utf8mb4 COLLATE = utf8mb4_general_ci ROW_FORMAT = DYNAMIC;

-- ----------------------------
-- Records of qrtz_simprop_triggers
-- ----------------------------

-- ----------------------------
-- Table structure for qrtz_triggers
-- ----------------------------
DROP TABLE IF EXISTS `qrtz_triggers`;
CREATE TABLE `qrtz_triggers`  (
  `SCHED_NAME` varchar(120) CHARACTER SET utf8mb4 COLLATE utf8mb4_general_ci NOT NULL,
  `TRIGGER_NAME` varchar(200) CHARACTER SET utf8mb4 COLLATE utf8mb4_general_ci NOT NULL,
  `TRIGGER_GROUP` varchar(200) CHARACTER SET utf8mb4 COLLATE utf8mb4_general_ci NOT NULL,
  `JOB_NAME` varchar(200) CHARACTER SET utf8mb4 COLLATE utf8mb4_general_ci NOT NULL,
  `JOB_GROUP` varchar(200) CHARACTER SET utf8mb4 COLLATE utf8mb4_general_ci NOT NULL,
  `DESCRIPTION` varchar(250) CHARACTER SET utf8mb4 COLLATE utf8mb4_general_ci NULL DEFAULT NULL,
  `NEXT_FIRE_TIME` bigint(13) NULL DEFAULT NULL,
  `PREV_FIRE_TIME` bigint(13) NULL DEFAULT NULL,
  `PRIORITY` int(11) NULL DEFAULT NULL,
  `TRIGGER_STATE` varchar(16) CHARACTER SET utf8mb4 COLLATE utf8mb4_general_ci NOT NULL,
  `TRIGGER_TYPE` varchar(8) CHARACTER SET utf8mb4 COLLATE utf8mb4_general_ci NOT NULL,
  `START_TIME` bigint(13) NOT NULL,
  `END_TIME` bigint(13) NULL DEFAULT NULL,
  `CALENDAR_NAME` varchar(200) CHARACTER SET utf8mb4 COLLATE utf8mb4_general_ci NULL DEFAULT NULL,
  `MISFIRE_INSTR` smallint(2) NULL DEFAULT NULL,
  `JOB_DATA` blob NULL,
  PRIMARY KEY (`SCHED_NAME`, `TRIGGER_NAME`, `TRIGGER_GROUP`) USING BTREE,
  INDEX `SCHED_NAME`(`SCHED_NAME`, `JOB_NAME`, `JOB_GROUP`) USING BTREE,
  CONSTRAINT `qrtz_triggers_ibfk_1` FOREIGN KEY (`SCHED_NAME`, `JOB_NAME`, `JOB_GROUP`) REFERENCES `qrtz_job_details` (`SCHED_NAME`, `JOB_NAME`, `JOB_GROUP`) ON DELETE RESTRICT ON UPDATE RESTRICT
) ENGINE = InnoDB CHARACTER SET = utf8mb4 COLLATE = utf8mb4_general_ci ROW_FORMAT = DYNAMIC;

-- ----------------------------
-- Records of qrtz_triggers
-- ----------------------------

-- ----------------------------
-- Table structure for sys_config
-- ----------------------------
DROP TABLE IF EXISTS `sys_config`;
CREATE TABLE `sys_config`  (
  `id` int(5) NOT NULL AUTO_INCREMENT COMMENT '参数主键',
  `config_name` varchar(100) CHARACTER SET utf8mb4 COLLATE utf8mb4_general_ci NULL DEFAULT '' COMMENT '参数名称',
  `config_key` varchar(500) CHARACTER SET utf8mb4 COLLATE utf8mb4_general_ci NULL DEFAULT '' COMMENT '参数键名',
  `config_value` varchar(500) CHARACTER SET utf8mb4 COLLATE utf8mb4_general_ci NULL DEFAULT '' COMMENT '参数键值',
  `config_type` char(1) CHARACTER SET utf8mb4 COLLATE utf8mb4_general_ci NULL DEFAULT 'N' COMMENT '系统内置（Y是 N否）',
  `create_by` varchar(64) CHARACTER SET utf8mb4 COLLATE utf8mb4_general_ci NULL DEFAULT '' COMMENT '创建者',
  `create_time` datetime NULL DEFAULT NULL COMMENT '创建时间',
  `update_by` varchar(64) CHARACTER SET utf8mb4 COLLATE utf8mb4_general_ci NULL DEFAULT '' COMMENT '更新者',
  `update_time` datetime NULL DEFAULT NULL COMMENT '更新时间',
  `remark` varchar(500) CHARACTER SET utf8mb4 COLLATE utf8mb4_general_ci NULL DEFAULT NULL COMMENT '备注',
  PRIMARY KEY (`id`) USING BTREE
) ENGINE = InnoDB AUTO_INCREMENT = 9 CHARACTER SET = utf8mb4 COLLATE = utf8mb4_general_ci COMMENT = '参数配置表' ROW_FORMAT = DYNAMIC;

-- ----------------------------
-- Records of sys_config
-- ----------------------------
INSERT INTO `sys_config` VALUES (6, 'oss云存储-是否开启云存储', 'sys.oss.enable', 'true', 'Y', 'admin', '2022-07-27 14:52:18', 'admin', '2022-07-29 15:02:59', '开启云存储需要配置application.yml里的oss相关参数（true开启，false关闭）');
INSERT INTO `sys_config` VALUES (7, '是否开启邮箱通知', 'sys_email_enable', 'true', 'Y', 'admin', '2022-09-20 14:45:07', 'admin', '2022-09-23 22:16:59', '后台回复留言，邮箱通知留言者,开启需要配置email相关参数 （true开启，false关闭）');
INSERT INTO `sys_config` VALUES (8, 'RabbitMQ开关', 'sys_rabbit_enable', 'false', 'Y', 'admin', '2023-01-16 16:41:31', 'admin', '2024-04-24 09:24:45', '开启-true，关闭-false（开启需要配置RabbitMQ相关参数,目前仅发送邮件用到该中间件）');

-- ----------------------------
-- Table structure for sys_count
-- ----------------------------
DROP TABLE IF EXISTS `sys_count`;
CREATE TABLE `sys_count`  (
  `id` varchar(50) CHARACTER SET utf8mb4 COLLATE utf8mb4_general_ci NOT NULL COMMENT 'id',
  `article_count` bigint(20) NULL DEFAULT NULL COMMENT '文章总数',
  `summary_count` bigint(20) NULL DEFAULT NULL COMMENT '归档总数',
  `user_count` bigint(20) NULL DEFAULT NULL COMMENT '用户总数',
  `click_count` bigint(20) NULL DEFAULT NULL COMMENT '点击总数',
  `like_count` bigint(20) NULL DEFAULT NULL COMMENT '点赞总数',
  `create_time` datetime NULL DEFAULT NULL COMMENT '创建日期',
  `click_day_count` bigint(20) NULL DEFAULT NULL COMMENT '日点击数',
  `like_day_count` bigint(20) NULL DEFAULT NULL COMMENT '日点赞数',
  PRIMARY KEY (`id`) USING BTREE
) ENGINE = InnoDB CHARACTER SET = utf8mb4 COLLATE = utf8mb4_general_ci COMMENT = '统计归档' ROW_FORMAT = DYNAMIC;

-- ----------------------------
-- Records of sys_count
-- ----------------------------

-- ----------------------------
-- Table structure for sys_dict_data
-- ----------------------------
DROP TABLE IF EXISTS `sys_dict_data`;
CREATE TABLE `sys_dict_data`  (
  `id` bigint(20) NOT NULL AUTO_INCREMENT COMMENT '字典编码',
  `dict_sort` int(4) NULL DEFAULT 0 COMMENT '字典排序',
  `dict_label` varchar(100) CHARACTER SET utf8mb4 COLLATE utf8mb4_general_ci NULL DEFAULT '' COMMENT '字典标签',
  `dict_value` varchar(100) CHARACTER SET utf8mb4 COLLATE utf8mb4_general_ci NULL DEFAULT '' COMMENT '字典键值',
  `dict_type` varchar(100) CHARACTER SET utf8mb4 COLLATE utf8mb4_general_ci NULL DEFAULT '' COMMENT '字典类型',
  `css_class` varchar(100) CHARACTER SET utf8mb4 COLLATE utf8mb4_general_ci NULL DEFAULT NULL COMMENT '样式属性（其他样式扩展）',
  `list_class` varchar(100) CHARACTER SET utf8mb4 COLLATE utf8mb4_general_ci NULL DEFAULT NULL COMMENT '表格回显样式',
  `is_default` char(1) CHARACTER SET utf8mb4 COLLATE utf8mb4_general_ci NULL DEFAULT 'N' COMMENT '是否默认（Y是 N否）',
  `status` char(1) CHARACTER SET utf8mb4 COLLATE utf8mb4_general_ci NULL DEFAULT '0' COMMENT '状态（0正常 1停用）',
  `create_by` varchar(64) CHARACTER SET utf8mb4 COLLATE utf8mb4_general_ci NULL DEFAULT '' COMMENT '创建者',
  `create_time` datetime NULL DEFAULT NULL COMMENT '创建时间',
  `update_by` varchar(64) CHARACTER SET utf8mb4 COLLATE utf8mb4_general_ci NULL DEFAULT '' COMMENT '更新者',
  `update_time` datetime NULL DEFAULT NULL COMMENT '更新时间',
  `remark` varchar(500) CHARACTER SET utf8mb4 COLLATE utf8mb4_general_ci NULL DEFAULT NULL COMMENT '备注',
  PRIMARY KEY (`id`) USING BTREE
) ENGINE = InnoDB AUTO_INCREMENT = 179 CHARACTER SET = utf8mb4 COLLATE = utf8mb4_general_ci COMMENT = '字典数据表' ROW_FORMAT = DYNAMIC;

-- ----------------------------
-- Records of sys_dict_data
-- ----------------------------
INSERT INTO `sys_dict_data` VALUES (1, 1, '男', '0', 'sys_user_sex', '', 'default', 'Y', '0', 'admin', '2022-04-27 02:10:24', 'admin', '2024-05-06 11:56:52', '性别男');
INSERT INTO `sys_dict_data` VALUES (2, 2, '女', '1', 'sys_user_sex', '', 'default', 'N', '0', 'admin', '2022-04-27 02:10:24', 'admin', '2024-05-06 11:56:56', '性别女');
INSERT INTO `sys_dict_data` VALUES (4, 1, '显示', '0', 'sys_show_hide', '', 'primary', 'Y', '0', 'admin', '2022-04-27 02:10:24', '', NULL, '显示菜单');
INSERT INTO `sys_dict_data` VALUES (5, 2, '隐藏', '1', 'sys_show_hide', '', 'danger', 'N', '0', 'admin', '2022-04-27 02:10:24', '', NULL, '隐藏菜单');
INSERT INTO `sys_dict_data` VALUES (6, 1, '正常', '0', 'sys_normal_disable', '', 'primary', 'Y', '0', 'admin', '2022-04-27 02:10:24', 'admin', '2022-07-21 11:52:18', '正常状态');
INSERT INTO `sys_dict_data` VALUES (7, 2, '停用', '1', 'sys_normal_disable', '', 'danger', 'N', '0', 'admin', '2022-04-27 02:10:24', '', NULL, '停用状态');
INSERT INTO `sys_dict_data` VALUES (8, 1, '正常', '0', 'sys_job_status', '', 'primary', 'Y', '0', 'admin', '2022-04-27 02:10:24', '', NULL, '正常状态');
INSERT INTO `sys_dict_data` VALUES (9, 2, '暂停', '1', 'sys_job_status', '', 'danger', 'N', '0', 'admin', '2022-04-27 02:10:24', '', NULL, '停用状态');
INSERT INTO `sys_dict_data` VALUES (10, 1, '默认', 'DEFAULT', 'sys_job_group', '', '', 'Y', '0', 'admin', '2022-04-27 02:10:24', '', NULL, '默认分组');
INSERT INTO `sys_dict_data` VALUES (11, 2, '系统', 'SYSTEM', 'sys_job_group', '', '', 'N', '0', 'admin', '2022-04-27 02:10:24', '', NULL, '系统分组');
INSERT INTO `sys_dict_data` VALUES (12, 1, '是', 'Y', 'sys_yes_no', '', 'primary', 'Y', '0', 'admin', '2022-04-27 02:10:24', '', NULL, '系统默认是');
INSERT INTO `sys_dict_data` VALUES (13, 2, '否', 'N', 'sys_yes_no', '', 'danger', 'N', '0', 'admin', '2022-04-27 02:10:24', '', NULL, '系统默认否');
INSERT INTO `sys_dict_data` VALUES (14, 1, '通知', '1', 'sys_notice_type', '', 'warning', 'Y', '0', 'admin', '2022-04-27 02:10:24', '', NULL, '通知');
INSERT INTO `sys_dict_data` VALUES (15, 2, '公告', '2', 'sys_notice_type', '', 'success', 'N', '0', 'admin', '2022-04-27 02:10:24', '', NULL, '公告');
INSERT INTO `sys_dict_data` VALUES (18, 1, '新增', '1', 'sys_oper_type', '', 'info', 'N', '0', 'admin', '2022-04-27 02:10:24', '', NULL, '新增操作');
INSERT INTO `sys_dict_data` VALUES (19, 2, '修改', '2', 'sys_oper_type', '', 'info', 'N', '0', 'admin', '2022-04-27 02:10:24', '', NULL, '修改操作');
INSERT INTO `sys_dict_data` VALUES (20, 3, '删除', '3', 'sys_oper_type', '', 'danger', 'N', '0', 'admin', '2022-04-27 02:10:24', '', NULL, '删除操作');
INSERT INTO `sys_dict_data` VALUES (21, 4, '授权', '4', 'sys_oper_type', '', 'primary', 'N', '0', 'admin', '2022-04-27 02:10:24', '', NULL, '授权操作');
INSERT INTO `sys_dict_data` VALUES (22, 5, '导出', '5', 'sys_oper_type', '', 'warning', 'N', '0', 'admin', '2022-04-27 02:10:24', '', NULL, '导出操作');
INSERT INTO `sys_dict_data` VALUES (23, 6, '导入', '6', 'sys_oper_type', '', 'warning', 'N', '0', 'admin', '2022-04-27 02:10:24', '', NULL, '导入操作');
INSERT INTO `sys_dict_data` VALUES (24, 7, '强退', '7', 'sys_oper_type', '', 'danger', 'N', '0', 'admin', '2022-04-27 02:10:24', '', NULL, '强退操作');
INSERT INTO `sys_dict_data` VALUES (25, 8, '生成代码', '8', 'sys_oper_type', '', 'warning', 'N', '0', 'admin', '2022-04-27 02:10:24', '', NULL, '生成操作');
INSERT INTO `sys_dict_data` VALUES (26, 9, '清空数据', '9', 'sys_oper_type', '', 'danger', 'N', '0', 'admin', '2022-04-27 02:10:24', '', NULL, '清空操作');
INSERT INTO `sys_dict_data` VALUES (27, 1, '成功', '0', 'sys_common_status', '', 'primary', 'N', '0', 'admin', '2022-04-27 02:10:24', '', NULL, '正常状态');
INSERT INTO `sys_dict_data` VALUES (28, 2, '失败', '1', 'sys_common_status', '', 'danger', 'N', '0', 'admin', '2022-04-27 02:10:24', '', NULL, '停用状态');
INSERT INTO `sys_dict_data` VALUES (169, 0, '正常', '1', 'currency_status', NULL, 'primary', 'N', '0', 'admin', '2024-07-18 16:34:31', 'admin', '2024-07-24 17:09:52', '正常');
INSERT INTO `sys_dict_data` VALUES (170, 0, '停用', '0', 'currency_status', NULL, 'danger', 'N', '0', 'admin', '2024-07-18 16:34:48', 'admin', '2024-07-24 17:10:02', '停用');

-- ----------------------------
-- Table structure for sys_dict_type
-- ----------------------------
DROP TABLE IF EXISTS `sys_dict_type`;
CREATE TABLE `sys_dict_type`  (
  `id` bigint(20) NOT NULL AUTO_INCREMENT COMMENT '字典主键',
  `dict_name` varchar(100) CHARACTER SET utf8mb4 COLLATE utf8mb4_general_ci NULL DEFAULT '' COMMENT '字典名称',
  `dict_type` varchar(100) CHARACTER SET utf8mb4 COLLATE utf8mb4_general_ci NULL DEFAULT '' COMMENT '字典类型',
  `status` char(1) CHARACTER SET utf8mb4 COLLATE utf8mb4_general_ci NULL DEFAULT '0' COMMENT '状态（0正常 1停用）',
  `create_by` varchar(64) CHARACTER SET utf8mb4 COLLATE utf8mb4_general_ci NULL DEFAULT '' COMMENT '创建者',
  `create_time` datetime NULL DEFAULT NULL COMMENT '创建时间',
  `update_by` varchar(64) CHARACTER SET utf8mb4 COLLATE utf8mb4_general_ci NULL DEFAULT '' COMMENT '更新者',
  `update_time` datetime NULL DEFAULT NULL COMMENT '更新时间',
  `remark` varchar(500) CHARACTER SET utf8mb4 COLLATE utf8mb4_general_ci NULL DEFAULT NULL COMMENT '备注',
  PRIMARY KEY (`id`) USING BTREE,
  UNIQUE INDEX `dict_type`(`dict_type`) USING BTREE
) ENGINE = InnoDB AUTO_INCREMENT = 114 CHARACTER SET = utf8mb4 COLLATE = utf8mb4_general_ci COMMENT = '字典类型表' ROW_FORMAT = DYNAMIC;

-- ----------------------------
-- Records of sys_dict_type
-- ----------------------------
INSERT INTO `sys_dict_type` VALUES (1, '用户性别', 'sys_user_sex', '0', 'admin', '2022-04-27 02:10:24', 'admin', '2022-07-22 06:57:38', '用户性别列表');
INSERT INTO `sys_dict_type` VALUES (2, '菜单状态', 'sys_show_hide', '0', 'admin', '2022-04-27 02:10:24', '', NULL, '菜单状态列表');
INSERT INTO `sys_dict_type` VALUES (3, '系统开关', 'sys_normal_disable', '0', 'admin', '2022-04-27 02:10:24', '', NULL, '系统开关列表');
INSERT INTO `sys_dict_type` VALUES (4, '任务状态', 'sys_job_status', '0', 'admin', '2022-04-27 02:10:24', '', NULL, '任务状态列表');
INSERT INTO `sys_dict_type` VALUES (5, '任务分组', 'sys_job_group', '0', 'admin', '2022-04-27 02:10:24', '', NULL, '任务分组列表');
INSERT INTO `sys_dict_type` VALUES (6, '系统是否', 'sys_yes_no', '0', 'admin', '2022-04-27 02:10:24', '', NULL, '系统是否列表');
INSERT INTO `sys_dict_type` VALUES (7, '通知类型', 'sys_notice_type', '0', 'admin', '2022-04-27 02:10:24', '', NULL, '通知类型列表');
INSERT INTO `sys_dict_type` VALUES (9, '操作类型', 'sys_oper_type', '0', 'admin', '2022-04-27 02:10:24', '', NULL, '操作类型列表');
INSERT INTO `sys_dict_type` VALUES (10, '系统状态', 'sys_common_status', '0', 'admin', '2022-04-27 02:10:24', '', NULL, '登录状态列表');
INSERT INTO `sys_dict_type` VALUES (110, '通用状态', 'currency_status', '0', 'admin', '2024-07-18 16:34:13', '', NULL, '通用状态');

-- ----------------------------
-- Table structure for sys_logininfor
-- ----------------------------
DROP TABLE IF EXISTS `sys_logininfor`;
CREATE TABLE `sys_logininfor`  (
  `info_id` bigint(20) NOT NULL AUTO_INCREMENT COMMENT '访问ID',
  `user_name` varchar(50) CHARACTER SET utf8mb4 COLLATE utf8mb4_general_ci NULL DEFAULT '' COMMENT '用户账号',
  `ipaddr` varchar(128) CHARACTER SET utf8mb4 COLLATE utf8mb4_general_ci NULL DEFAULT '' COMMENT '登录IP地址',
  `login_location` varchar(255) CHARACTER SET utf8mb4 COLLATE utf8mb4_general_ci NULL DEFAULT '' COMMENT '登录地点',
  `browser` varchar(50) CHARACTER SET utf8mb4 COLLATE utf8mb4_general_ci NULL DEFAULT '' COMMENT '浏览器类型',
  `os` varchar(50) CHARACTER SET utf8mb4 COLLATE utf8mb4_general_ci NULL DEFAULT '' COMMENT '操作系统',
  `status` char(1) CHARACTER SET utf8mb4 COLLATE utf8mb4_general_ci NULL DEFAULT '0' COMMENT '登录状态（0成功 1失败）',
  `msg` varchar(255) CHARACTER SET utf8mb4 COLLATE utf8mb4_general_ci NULL DEFAULT '' COMMENT '提示消息',
  `login_time` datetime NULL DEFAULT NULL COMMENT '访问时间',
  PRIMARY KEY (`info_id`) USING BTREE
) ENGINE = InnoDB AUTO_INCREMENT = 112 CHARACTER SET = utf8mb4 COLLATE = utf8mb4_general_ci COMMENT = '系统访问记录' ROW_FORMAT = DYNAMIC;

-- ----------------------------
-- Records of sys_logininfor
-- ----------------------------
INSERT INTO `sys_logininfor` VALUES (100, 'admin', '127.0.0.1', '内网IP', 'Chrome 10', 'Windows 10', '0', '登录成功', '2022-04-27 02:14:22');
INSERT INTO `sys_logininfor` VALUES (101, 'admin', '127.0.0.1', '内网IP', 'Chrome 10', 'Windows 10', '0', '登录成功', '2022-05-13 07:16:40');
INSERT INTO `sys_logininfor` VALUES (102, 'admin', '127.0.0.1', '内网IP', 'Chrome 10', 'Windows 10', '0', '登录成功', '2022-07-11 01:19:05');
INSERT INTO `sys_logininfor` VALUES (103, 'admin', '127.0.0.1', '内网IP', 'Chrome 10', 'Windows 10', '0', '登录成功', '2022-07-11 06:03:09');
INSERT INTO `sys_logininfor` VALUES (104, 'admin', '127.0.0.1', '内网IP', 'Chrome 10', 'Windows 10', '0', '登录成功', '2022-07-11 07:08:20');
INSERT INTO `sys_logininfor` VALUES (105, 'admin', '127.0.0.1', '内网IP', 'Chrome 10', 'Windows 10', '0', '登录成功', '2022-07-20 00:52:08');
INSERT INTO `sys_logininfor` VALUES (106, 'admin', '127.0.0.1', '内网IP', 'Chrome 10', 'Windows 10', '0', '登录成功', '2022-07-21 08:29:27');
INSERT INTO `sys_logininfor` VALUES (107, 'admin', '127.0.0.1', '内网IP', 'Chrome 10', 'Windows 10', '1', '验证码错误', '2022-07-21 09:20:15');
INSERT INTO `sys_logininfor` VALUES (108, 'admin', '127.0.0.1', '内网IP', 'Chrome 10', 'Windows 10', '0', '登录成功', '2022-07-21 09:20:21');
INSERT INTO `sys_logininfor` VALUES (109, 'admin', '127.0.0.1', '内网IP', 'Chrome 10', 'Windows 10', '0', '退出成功', '2022-07-21 09:30:15');
INSERT INTO `sys_logininfor` VALUES (110, 'admin', '127.0.0.1', '内网IP', 'Chrome 10', 'Windows 10', '0', '登录成功', '2022-07-21 09:30:22');
INSERT INTO `sys_logininfor` VALUES (111, 'admin', '127.0.0.1', '内网IP', 'Chrome 10', 'Windows 10', '0', '登录成功', '2022-07-21 11:05:38');

-- ----------------------------
-- Table structure for sys_menu
-- ----------------------------
DROP TABLE IF EXISTS `sys_menu`;
CREATE TABLE `sys_menu`  (
  `id` varchar(50) CHARACTER SET utf8mb4 COLLATE utf8mb4_general_ci NOT NULL COMMENT '编号',
  `parent_id` varchar(50) CHARACTER SET utf8mb4 COLLATE utf8mb4_general_ci NOT NULL DEFAULT '0' COMMENT '所属上级',
  `name` varchar(20) CHARACTER SET utf8mb4 COLLATE utf8mb4_general_ci NOT NULL DEFAULT '' COMMENT '名称',
  `type` tinyint(3) NOT NULL DEFAULT 0 COMMENT '类型(0:目录,1:菜单,2:按钮)',
  `path` varchar(100) CHARACTER SET utf8mb4 COLLATE utf8mb4_general_ci NULL DEFAULT NULL COMMENT '路由地址',
  `component` varchar(100) CHARACTER SET utf8mb4 COLLATE utf8mb4_general_ci NULL DEFAULT NULL COMMENT '组件路径',
  `perms` varchar(100) CHARACTER SET utf8mb4 COLLATE utf8mb4_general_ci NULL DEFAULT NULL COMMENT '权限标识',
  `icon` varchar(100) CHARACTER SET utf8mb4 COLLATE utf8mb4_general_ci NULL DEFAULT NULL COMMENT '图标',
  `sort_value` int(11) NULL DEFAULT NULL COMMENT '排序',
  `status` char(1) CHARACTER SET utf8mb4 COLLATE utf8mb4_general_ci NULL DEFAULT NULL COMMENT '状态(0:禁止,1:正常)',
  `create_time` timestamp NOT NULL DEFAULT CURRENT_TIMESTAMP COMMENT '创建时间',
  `update_time` timestamp NOT NULL DEFAULT CURRENT_TIMESTAMP ON UPDATE CURRENT_TIMESTAMP COMMENT '更新时间',
  `is_deleted` char(1) CHARACTER SET utf8mb4 COLLATE utf8mb4_general_ci NOT NULL DEFAULT '0' COMMENT '删除标记（0:不可用 1:可用）',
  `create_by` varchar(255) CHARACTER SET utf8mb4 COLLATE utf8mb4_general_ci NULL DEFAULT NULL COMMENT '创建人',
  `update_by` varchar(255) CHARACTER SET utf8mb4 COLLATE utf8mb4_general_ci NULL DEFAULT NULL COMMENT '修改人',
  PRIMARY KEY (`id`) USING BTREE,
  INDEX `idx_parent_id`(`parent_id`) USING BTREE
) ENGINE = InnoDB CHARACTER SET = utf8mb4 COLLATE = utf8mb4_general_ci COMMENT = '菜单表' ROW_FORMAT = DYNAMIC;

-- ----------------------------
-- Records of sys_menu
-- ----------------------------
INSERT INTO `sys_menu` VALUES ('0186f5e32d71f917bd4cb4d693346cde', '8be50fe7341b636c2115ea7c9cf36854', '列表', 2, '', '', 'btn.config.list', '', 1, '1', '2024-05-11 17:50:49', '2024-05-11 17:50:49', '0', NULL, NULL);
INSERT INTO `sys_menu` VALUES ('05fa1dd782ad6b196769e9d9585ff6f3', '1c2d6c42822884c157897af502ca251e', '编辑', 2, '/tool/gen-edit/index/:tableId', 'tool/gen/editTable', 'btn.gen.edit', '', 1, '1', '2024-07-18 16:36:06', '2024-07-19 17:02:42', '0', NULL, NULL);
INSERT INTO `sys_menu` VALUES ('0c2f7bcab57cd177ddce93fa5057c993', '1c2d6c42822884c157897af502ca251e', '创建表', 2, '', '', 'btn.gen.sql', '', 1, '1', '2024-07-19 17:10:09', '2024-07-19 17:10:09', '0', NULL, NULL);
INSERT INTO `sys_menu` VALUES ('1298ab16f667edbece17a2b73cf51fc0', '8be50fe7341b636c2115ea7c9cf36854', '删除', 2, '', '', 'btn.config.del', '', 1, '1', '2024-05-11 17:50:33', '2024-05-11 17:50:33', '0', NULL, NULL);
INSERT INTO `sys_menu` VALUES ('16e3dc94b0a0b0ab3eb491d4e172295d', 'be190c8cd6238ea9119a0befa954cf7a', '网站信息', 1, 'information', 'system/information/index', '', 'el-icon-s-platform', 8, '1', '2024-05-08 10:42:56', '2024-05-08 10:46:20', '0', NULL, NULL);
INSERT INTO `sys_menu` VALUES ('1c2d6c42822884c157897af502ca251e', 'be190c8cd6238ea9119a0befa954cf7a', '代码生成', 1, 'gen', 'tool/gen/index', '', 'el-icon-s-flag', 2, '1', '2024-07-18 16:32:30', '2024-07-24 11:15:39', '0', NULL, NULL);
INSERT INTO `sys_menu` VALUES ('240307c217e98687e93b05c16a5424aa', '8be50fe7341b636c2115ea7c9cf36854', '修改', 2, '', '', 'btn.config.edit', '', 1, '1', '2024-05-11 17:50:21', '2024-05-11 17:50:21', '0', NULL, NULL);
INSERT INTO `sys_menu` VALUES ('2d812ec5ddaedd70c93a2f78ab984334', '5ef83c1291ff3e1f435c3dffbf1be55a', '删除', 2, '', '', 'btn.notice.del', '', 1, '1', '2024-05-11 17:34:43', '2024-05-11 17:34:43', '0', NULL, NULL);
INSERT INTO `sys_menu` VALUES ('30318a16f713de861d99a789e0caac77', '85413b9370843cdb477dfbabf62bf6e5', '删除', 2, '', '', 'btn.dict.del', '', 1, '1', '2024-05-11 17:39:28', '2024-05-11 17:39:28', '0', NULL, NULL);
INSERT INTO `sys_menu` VALUES ('3aac4a4b0b7284bc52b5308e776d14ea', '440867f56dbf23944789d672b158bd32', '删除', 2, '', '', 'btn.role.del', '', 1, '1', '2024-05-11 17:14:33', '2024-05-11 17:14:33', '0', NULL, NULL);
INSERT INTO `sys_menu` VALUES ('3d1d3a7f07e06ed44d8c451125b42963', 'e4dca1309de7f2d9efa1f09beb5ae34a', '删除', 2, '', '', 'btn.user.del', '', 1, '1', '2024-05-11 17:59:49', '2024-05-11 17:59:49', '0', NULL, NULL);
INSERT INTO `sys_menu` VALUES ('41b3f4ce407fa92523593c6edda2dab8', 'e4dca1309de7f2d9efa1f09beb5ae34a', '修改', 2, '', '', 'btn.user.edit', '', 1, '1', '2024-05-11 17:59:35', '2024-05-11 17:59:35', '0', NULL, NULL);
INSERT INTO `sys_menu` VALUES ('440867f56dbf23944789d672b158bd32', 'be190c8cd6238ea9119a0befa954cf7a', '角色管理', 1, 'role', 'system/role/index', '', 'el-icon-s-help', 2, '1', '2024-05-08 10:39:34', '2024-05-08 10:39:45', '0', NULL, NULL);
INSERT INTO `sys_menu` VALUES ('471c8a9a73d0e2bfa59eb40adffb3869', 'be190c8cd6238ea9119a0befa954cf7a', '菜单管理', 1, 'menu', 'system/menu/index', '', 'el-icon-menu', 3, '1', '2024-05-08 10:40:21', '2024-05-08 10:40:21', '0', NULL, NULL);
INSERT INTO `sys_menu` VALUES ('4cfb361d436950364b6f99cf12501425', 'b602e401093b6a40da8dc0101570bcf9', '列表', 2, '', '', 'btn.job.list', '', 1, '1', '2024-05-13 09:23:09', '2024-05-13 09:23:09', '0', NULL, NULL);
INSERT INTO `sys_menu` VALUES ('5c98ab7391bde87525c3a41a4d0e72cf', 'e4dca1309de7f2d9efa1f09beb5ae34a', '列表', 2, '', '', 'btn.user.list', '', 1, '1', '2024-05-11 18:00:01', '2024-05-11 18:00:01', '0', NULL, NULL);
INSERT INTO `sys_menu` VALUES ('5e567f2c0646723f318be3290811da6b', '440867f56dbf23944789d672b158bd32', '新增', 2, '', '', 'btn.role.add', '', 1, '1', '2024-05-11 17:14:04', '2024-05-11 17:14:04', '0', NULL, NULL);
INSERT INTO `sys_menu` VALUES ('5ea2d48af011f309547f007d5cabbd27', '471c8a9a73d0e2bfa59eb40adffb3869', '列表', 2, '', '', 'btn.menu.list', '', 1, '1', '2024-05-11 17:28:42', '2024-05-11 17:28:42', '0', NULL, NULL);
INSERT INTO `sys_menu` VALUES ('5ef83c1291ff3e1f435c3dffbf1be55a', 'be190c8cd6238ea9119a0befa954cf7a', '公告管理', 1, 'notice', 'system/notice/index', '', 'el-icon-warning-outline', 6, '1', '2024-05-08 10:43:22', '2024-05-08 10:46:06', '0', NULL, NULL);
INSERT INTO `sys_menu` VALUES ('6092364759758c2cd63808bdceba4405', '471c8a9a73d0e2bfa59eb40adffb3869', '删除', 2, '', '', 'btn.menu.del', '', 1, '1', '2024-05-11 17:28:29', '2024-05-11 17:28:29', '0', NULL, NULL);
INSERT INTO `sys_menu` VALUES ('6491c0ddc37084a317b7bf0d5c4817cb', '8be50fe7341b636c2115ea7c9cf36854', '新增', 2, '', '', 'btn.config.add', '', 1, '1', '2024-05-11 17:49:55', '2024-05-11 17:49:55', '0', NULL, NULL);
INSERT INTO `sys_menu` VALUES ('6be6b8ccf9fba11ce330f2efaeb51c94', 'b602e401093b6a40da8dc0101570bcf9', '新增', 2, '', '', 'btn.job.add', '', 1, '1', '2024-05-13 09:22:21', '2024-05-13 09:22:21', '0', NULL, NULL);
INSERT INTO `sys_menu` VALUES ('77b30e9d5b7f261153c67947ae97963e', '471c8a9a73d0e2bfa59eb40adffb3869', '新增', 2, '', '', 'btn.menu.add', '', 1, '1', '2024-05-11 17:27:57', '2024-05-11 17:27:57', '0', NULL, NULL);
INSERT INTO `sys_menu` VALUES ('7e6e754ee2d1f2e0339b5a275a45acdd', 'dae1346779d28f39a06d1e1ce3026781', '列表', 2, '', '', 'btn.operlog.list', '', 1, '1', '2024-05-13 09:29:56', '2024-05-13 09:29:56', '0', NULL, NULL);
INSERT INTO `sys_menu` VALUES ('85413b9370843cdb477dfbabf62bf6e5', 'be190c8cd6238ea9119a0befa954cf7a', '字典分类', 1, 'dict', 'system/dict/index', '', 'el-icon-tickets', 4, '1', '2024-05-08 10:40:46', '2024-05-08 10:45:53', '0', NULL, NULL);
INSERT INTO `sys_menu` VALUES ('8be50fe7341b636c2115ea7c9cf36854', 'be190c8cd6238ea9119a0befa954cf7a', '参数设置', 1, 'config', 'system/config/index', '', 'el-icon-setting', 7, '1', '2024-05-08 10:41:52', '2024-05-08 10:46:10', '0', NULL, NULL);
INSERT INTO `sys_menu` VALUES ('90afc646c4b5570f592038959f1e654a', 'e4dca1309de7f2d9efa1f09beb5ae34a', '强制下线', 2, '', '', 'btn.user.off', '', 1, '1', '2024-07-26 14:11:42', '2024-07-26 14:11:42', '0', 'admin', NULL);
INSERT INTO `sys_menu` VALUES ('a14e227cf950c10bc96bfc9061487a87', '1c2d6c42822884c157897af502ca251e', '生成代码', 2, '', '', 'btn.gen.gen', '', 1, '1', '2024-07-19 17:07:46', '2024-07-19 17:07:46', '0', NULL, NULL);
INSERT INTO `sys_menu` VALUES ('a1cf74abe6ef8075975281c08bfe1895', '85413b9370843cdb477dfbabf62bf6e5', '字典数据', 2, 'data/:id(\\d+)', 'system/dict/data', 'btn.dict.data', '', 1, '1', '2024-05-08 10:41:13', '2024-05-08 15:52:27', '0', NULL, NULL);
INSERT INTO `sys_menu` VALUES ('a3a7a0cf00f49ca90765dd869d5ce399', '85413b9370843cdb477dfbabf62bf6e5', '列表', 2, '', '', 'btn.dict.list', '', 1, '1', '2024-05-11 17:39:55', '2024-05-11 17:39:55', '0', NULL, NULL);
INSERT INTO `sys_menu` VALUES ('a88286a2308fb14175868ded546953b7', 'dae1346779d28f39a06d1e1ce3026781', '删除', 2, '', '', 'btn.operlog.del', '', 1, '1', '2024-05-13 09:29:37', '2024-05-13 09:29:37', '0', NULL, NULL);
INSERT INTO `sys_menu` VALUES ('af19e30c6aa4f2fa195918528273aa6d', '5ef83c1291ff3e1f435c3dffbf1be55a', '列表', 2, '', '', 'btn.notice.list', '', 1, '1', '2024-05-11 17:35:01', '2024-05-11 17:35:01', '0', NULL, NULL);
INSERT INTO `sys_menu` VALUES ('af1ddec5003e789ea5d167e7b8b0a773', '16e3dc94b0a0b0ab3eb491d4e172295d', '修改', 2, '', '', 'btn.information.edit', '', 1, '1', '2024-05-11 17:11:14', '2024-05-11 17:11:14', '0', NULL, NULL);
INSERT INTO `sys_menu` VALUES ('afef72e3ee28af35f2de19ba4c1dc88e', 'b602e401093b6a40da8dc0101570bcf9', '修改', 2, '', '', 'btn.job.edit', '', 1, '1', '2024-05-13 09:22:44', '2024-05-13 09:22:44', '0', NULL, NULL);
INSERT INTO `sys_menu` VALUES ('b602e401093b6a40da8dc0101570bcf9', 'be190c8cd6238ea9119a0befa954cf7a', '定时任务', 1, 'job', 'system/job/index', '', 'el-icon-s-unfold', 5, '1', '2024-05-08 10:42:17', '2024-05-08 10:45:59', '0', NULL, NULL);
INSERT INTO `sys_menu` VALUES ('b9d414c8de0b6ba6e2c44ab59e0ce8a9', '1c2d6c42822884c157897af502ca251e', '删除', 2, '', '', 'btn.gen.del', '', 1, '1', '2024-07-19 17:04:43', '2024-07-19 17:04:43', '0', NULL, NULL);
INSERT INTO `sys_menu` VALUES ('ba5f42390d98d1ac546119627cec0b37', '5ef83c1291ff3e1f435c3dffbf1be55a', '新增', 2, '', '', 'btn.notice.add', '', 1, '1', '2024-05-11 17:34:10', '2024-05-11 17:34:10', '0', NULL, NULL);
INSERT INTO `sys_menu` VALUES ('be190c8cd6238ea9119a0befa954cf7a', '0', '系统管理', 0, 'system/', 'Layout', '', 'el-icon-s-tools', 6, '1', '2024-05-08 10:33:07', '2024-07-24 11:16:28', '0', NULL, NULL);
INSERT INTO `sys_menu` VALUES ('cd0f17b0d5ff3de2ddc974e07681f13e', '85413b9370843cdb477dfbabf62bf6e5', '修改', 2, '', '', 'btn.dict.edit', '', 1, '1', '2024-05-11 17:39:15', '2024-05-11 17:39:15', '0', NULL, NULL);
INSERT INTO `sys_menu` VALUES ('d839e3275f5fa4b708929c93f1bc531a', '5ef83c1291ff3e1f435c3dffbf1be55a', '修改', 2, '', '', 'btn.notice.edit', '', 1, '1', '2024-05-11 17:34:34', '2024-05-11 17:34:34', '0', NULL, NULL);
INSERT INTO `sys_menu` VALUES ('dae1346779d28f39a06d1e1ce3026781', 'be190c8cd6238ea9119a0befa954cf7a', '日志管理', 1, 'operlog', 'monitor/operlog/index', '', 'el-icon-edit', 9, '1', '2024-05-08 10:43:53', '2024-05-08 10:46:26', '0', NULL, NULL);
INSERT INTO `sys_menu` VALUES ('db75d07485333f3a052cac79b54b7c59', 'e4dca1309de7f2d9efa1f09beb5ae34a', '新增', 2, '', '', 'btn.user.add', '', 1, '1', '2024-05-11 17:59:17', '2024-05-11 17:59:17', '0', NULL, NULL);
INSERT INTO `sys_menu` VALUES ('e1466d34d8c97f3b0cd10370d95ebea3', '471c8a9a73d0e2bfa59eb40adffb3869', '修改', 2, '', '', 'btn.menu.edit', '', 1, '1', '2024-05-11 17:28:12', '2024-05-11 17:28:12', '0', NULL, NULL);
INSERT INTO `sys_menu` VALUES ('e18a1c6b71f13161ef1580f4fc2bd740', '440867f56dbf23944789d672b158bd32', '列表', 2, '', '', 'btn.role.list', '', 1, '1', '2024-05-11 17:14:55', '2024-05-11 17:14:55', '0', NULL, NULL);
INSERT INTO `sys_menu` VALUES ('e4dca1309de7f2d9efa1f09beb5ae34a', 'be190c8cd6238ea9119a0befa954cf7a', '用户管理', 1, 'user', 'system/user/index', '', 'el-icon-s-custom', 1, '1', '2024-05-08 10:36:58', '2024-05-08 10:36:58', '0', NULL, NULL);
INSERT INTO `sys_menu` VALUES ('efafe29a11921a7026b73d59dfcaa0b4', '440867f56dbf23944789d672b158bd32', '修改', 2, '', '', 'btn.role.edit', '', 1, '1', '2024-05-11 17:14:19', '2024-05-11 17:14:19', '0', NULL, NULL);
INSERT INTO `sys_menu` VALUES ('f0c2e6792c806012822fcef73c0b44c3', '1c2d6c42822884c157897af502ca251e', '同步', 2, '', '', 'btn.gen.sync', '', 1, '1', '2024-07-19 17:08:05', '2024-07-19 17:08:05', '0', NULL, NULL);
INSERT INTO `sys_menu` VALUES ('f60544908c9665fe8a7bbc8718531f99', 'b602e401093b6a40da8dc0101570bcf9', '删除', 2, '', '', 'btn.job.del', '', 1, '1', '2024-05-13 09:22:57', '2024-05-13 09:22:57', '0', NULL, NULL);
INSERT INTO `sys_menu` VALUES ('f61f9dc267e64d6fd6b509030ef9b756', '1c2d6c42822884c157897af502ca251e', '列表', 2, '', '', 'btn.gen.list', '', 1, '1', '2024-07-19 17:03:03', '2024-07-19 17:03:03', '0', NULL, NULL);
INSERT INTO `sys_menu` VALUES ('f65a794f7aaa73d994048c53a928fbec', '16e3dc94b0a0b0ab3eb491d4e172295d', '列表', 2, '', '', 'btn.information.list', '', 1, '1', '2024-05-11 17:11:37', '2024-05-11 17:11:37', '0', NULL, NULL);
INSERT INTO `sys_menu` VALUES ('f8bd0f8742c68ddfae6acaa2a26cef69', '1c2d6c42822884c157897af502ca251e', '导入', 2, '', '', 'btn.gen.import', '', 1, '1', '2024-07-19 17:03:54', '2024-07-19 17:04:20', '0', NULL, NULL);
INSERT INTO `sys_menu` VALUES ('ff635db54aeba2e9ca4968973347685e', '85413b9370843cdb477dfbabf62bf6e5', '新增', 2, '', '', 'btn.dict.add', '', 1, '1', '2024-05-11 17:38:57', '2024-05-11 17:38:57', '0', NULL, NULL);

-- ----------------------------
-- Table structure for sys_notice
-- ----------------------------
DROP TABLE IF EXISTS `sys_notice`;
CREATE TABLE `sys_notice`  (
  `id` varchar(50) CHARACTER SET utf8mb4 COLLATE utf8mb4_general_ci NOT NULL COMMENT 'ID',
  `notice_title` varchar(50) CHARACTER SET utf8mb4 COLLATE utf8mb4_general_ci NOT NULL COMMENT '公告标题',
  `notice_type` char(1) CHARACTER SET utf8mb4 COLLATE utf8mb4_general_ci NOT NULL COMMENT '公告类型（1通知 2公告）',
  `notice_content` longblob NULL COMMENT '公告内容',
  `status` char(1) CHARACTER SET utf8mb4 COLLATE utf8mb4_general_ci NULL DEFAULT '0' COMMENT '公告状态（0正常 1关闭）',
  `create_by` varchar(64) CHARACTER SET utf8mb4 COLLATE utf8mb4_general_ci NULL DEFAULT '' COMMENT '创建者',
  `create_time` datetime NULL DEFAULT NULL COMMENT '创建时间',
  `update_by` varchar(64) CHARACTER SET utf8mb4 COLLATE utf8mb4_general_ci NULL DEFAULT '' COMMENT '更新者',
  `update_time` datetime NULL DEFAULT NULL COMMENT '更新时间',
  `remark` varchar(255) CHARACTER SET utf8mb4 COLLATE utf8mb4_general_ci NULL DEFAULT NULL COMMENT '备注',
  PRIMARY KEY (`id`) USING BTREE
) ENGINE = InnoDB CHARACTER SET = utf8mb4 COLLATE = utf8mb4_general_ci COMMENT = '通知公告表' ROW_FORMAT = DYNAMIC;

-- ----------------------------
-- Records of sys_notice
-- ----------------------------

-- ----------------------------
-- Table structure for sys_oper_log
-- ----------------------------
DROP TABLE IF EXISTS `sys_oper_log`;
CREATE TABLE `sys_oper_log`  (
  `oper_id` bigint(20) NOT NULL AUTO_INCREMENT COMMENT '日志主键',
  `title` varchar(50) CHARACTER SET utf8mb4 COLLATE utf8mb4_general_ci NULL DEFAULT '' COMMENT '模块标题',
  `business_type` int(2) NULL DEFAULT 0 COMMENT '业务类型（0其它 1新增 2修改 3删除）',
  `method` varchar(100) CHARACTER SET utf8mb4 COLLATE utf8mb4_general_ci NULL DEFAULT '' COMMENT '方法名称',
  `request_method` varchar(10) CHARACTER SET utf8mb4 COLLATE utf8mb4_general_ci NULL DEFAULT '' COMMENT '请求方式',
  `operator_type` int(1) NULL DEFAULT 0 COMMENT '操作类别（0其它 1后台用户 2手机端用户）',
  `oper_name` varchar(50) CHARACTER SET utf8mb4 COLLATE utf8mb4_general_ci NULL DEFAULT '' COMMENT '操作人员',
  `dept_name` varchar(50) CHARACTER SET utf8mb4 COLLATE utf8mb4_general_ci NULL DEFAULT '' COMMENT '部门名称',
  `oper_url` varchar(255) CHARACTER SET utf8mb4 COLLATE utf8mb4_general_ci NULL DEFAULT '' COMMENT '请求URL',
  `oper_ip` varchar(128) CHARACTER SET utf8mb4 COLLATE utf8mb4_general_ci NULL DEFAULT '' COMMENT '主机地址',
  `oper_location` varchar(255) CHARACTER SET utf8mb4 COLLATE utf8mb4_general_ci NULL DEFAULT '' COMMENT '操作地点',
  `oper_param` varchar(2000) CHARACTER SET utf8mb4 COLLATE utf8mb4_general_ci NULL DEFAULT '' COMMENT '请求参数',
  `json_result` varchar(2000) CHARACTER SET utf8mb4 COLLATE utf8mb4_general_ci NULL DEFAULT '' COMMENT '返回参数',
  `status` int(1) NULL DEFAULT 0 COMMENT '操作状态（0正常 1异常）',
  `error_msg` varchar(2000) CHARACTER SET utf8mb4 COLLATE utf8mb4_general_ci NULL DEFAULT '' COMMENT '错误消息',
  `oper_time` datetime NULL DEFAULT NULL COMMENT '操作时间',
  PRIMARY KEY (`oper_id`) USING BTREE
) ENGINE = InnoDB AUTO_INCREMENT = 2 CHARACTER SET = utf8mb4 COLLATE = utf8mb4_general_ci COMMENT = '操作日志记录' ROW_FORMAT = DYNAMIC;

-- ----------------------------
-- Records of sys_oper_log
-- ----------------------------

-- ----------------------------
-- Table structure for sys_role
-- ----------------------------
DROP TABLE IF EXISTS `sys_role`;
CREATE TABLE `sys_role`  (
  `id` varchar(50) CHARACTER SET utf8 COLLATE utf8_general_ci NOT NULL COMMENT '角色id',
  `role_name` varchar(20) CHARACTER SET utf8 COLLATE utf8_general_ci NOT NULL DEFAULT '' COMMENT '角色名称',
  `role_code` varchar(20) CHARACTER SET utf8 COLLATE utf8_general_ci NULL DEFAULT NULL COMMENT '角色编码',
  `description` varchar(255) CHARACTER SET utf8 COLLATE utf8_general_ci NULL DEFAULT NULL COMMENT '描述',
  `create_time` timestamp NOT NULL DEFAULT CURRENT_TIMESTAMP COMMENT '创建时间',
  `update_time` timestamp NOT NULL DEFAULT CURRENT_TIMESTAMP ON UPDATE CURRENT_TIMESTAMP COMMENT '更新时间',
  `is_deleted` char(1) CHARACTER SET utf8 COLLATE utf8_general_ci NOT NULL DEFAULT '0' COMMENT '删除标记（0:不可用 1:可用）',
  `status` char(1) CHARACTER SET utf8 COLLATE utf8_general_ci NULL DEFAULT NULL COMMENT '状态（1：正常 0：停用）',
  `create_by` varchar(255) CHARACTER SET utf8 COLLATE utf8_general_ci NOT NULL COMMENT '创建人',
  `update_by` varchar(255) CHARACTER SET utf8 COLLATE utf8_general_ci NULL DEFAULT NULL COMMENT '修改人',
  PRIMARY KEY (`id`) USING BTREE
) ENGINE = InnoDB CHARACTER SET = utf8 COLLATE = utf8_general_ci COMMENT = '角色' ROW_FORMAT = DYNAMIC;

-- ----------------------------
-- Records of sys_role
-- ----------------------------
INSERT INTO `sys_role` VALUES ('935def5d0fc2c4a76ba3b1c57f3db65d', '超级管理员', 'SUPER', '超级管理员', '2024-07-25 16:48:30', '2024-07-25 16:48:30', '0', '1', 'admin', NULL);

-- ----------------------------
-- Table structure for sys_role_menu
-- ----------------------------
DROP TABLE IF EXISTS `sys_role_menu`;
CREATE TABLE `sys_role_menu`  (
  `id` varchar(50) CHARACTER SET utf8 COLLATE utf8_general_ci NOT NULL,
  `role_id` varchar(50) CHARACTER SET utf8 COLLATE utf8_general_ci NOT NULL DEFAULT '0',
  `menu_id` varchar(50) CHARACTER SET utf8 COLLATE utf8_general_ci NOT NULL DEFAULT '0',
  `create_time` timestamp NOT NULL DEFAULT CURRENT_TIMESTAMP COMMENT '创建时间',
  `update_time` timestamp NOT NULL DEFAULT CURRENT_TIMESTAMP ON UPDATE CURRENT_TIMESTAMP COMMENT '更新时间',
  `is_deleted` char(1) CHARACTER SET utf8 COLLATE utf8_general_ci NOT NULL DEFAULT '0' COMMENT '删除标记（0:不可用 1:可用）',
  PRIMARY KEY (`id`) USING BTREE,
  INDEX `idx_role_id`(`role_id`) USING BTREE,
  INDEX `idx_menu_id`(`menu_id`) USING BTREE
) ENGINE = InnoDB CHARACTER SET = utf8 COLLATE = utf8_general_ci COMMENT = '角色菜单' ROW_FORMAT = DYNAMIC;

-- ----------------------------
-- Records of sys_role_menu
-- ----------------------------
INSERT INTO `sys_role_menu` VALUES ('01912ab44b833f2a8f0d25095032d1ab', '935def5d0fc2c4a76ba3b1c57f3db65d', 'dae1346779d28f39a06d1e1ce3026781', '2024-08-07 10:00:14', '2024-08-07 10:00:14', '0');
INSERT INTO `sys_role_menu` VALUES ('060261f886075fb89b8d58c8489f6583', '935def5d0fc2c4a76ba3b1c57f3db65d', 'e1466d34d8c97f3b0cd10370d95ebea3', '2024-08-07 10:00:14', '2024-08-07 10:00:14', '0');
INSERT INTO `sys_role_menu` VALUES ('0b94cc158c00b815514e378bc45fe830', '935def5d0fc2c4a76ba3b1c57f3db65d', '1c2d6c42822884c157897af502ca251e', '2024-08-07 10:00:14', '2024-08-07 10:00:14', '0');
INSERT INTO `sys_role_menu` VALUES ('0ffcff341faffaccf9f47eaba79d9374', '935def5d0fc2c4a76ba3b1c57f3db65d', 'e18a1c6b71f13161ef1580f4fc2bd740', '2024-08-07 10:00:14', '2024-08-07 10:00:14', '0');
INSERT INTO `sys_role_menu` VALUES ('1817a00aea292afcbb7da78d23b84529', '935def5d0fc2c4a76ba3b1c57f3db65d', '5ea2d48af011f309547f007d5cabbd27', '2024-08-07 10:00:14', '2024-08-07 10:00:14', '0');
INSERT INTO `sys_role_menu` VALUES ('1865a5f0fc06b736d0416e1bf99a2cc4', '935def5d0fc2c4a76ba3b1c57f3db65d', 'a1cf74abe6ef8075975281c08bfe1895', '2024-08-07 10:00:14', '2024-08-07 10:00:14', '0');
INSERT INTO `sys_role_menu` VALUES ('1b1de0f264e8120373d9fab3315afc7c', '935def5d0fc2c4a76ba3b1c57f3db65d', '85413b9370843cdb477dfbabf62bf6e5', '2024-08-07 10:00:14', '2024-08-07 10:00:14', '0');
INSERT INTO `sys_role_menu` VALUES ('1df4922e84bef210430c0d4deab0ae73', '935def5d0fc2c4a76ba3b1c57f3db65d', 'db75d07485333f3a052cac79b54b7c59', '2024-08-07 10:00:14', '2024-08-07 10:00:14', '0');
INSERT INTO `sys_role_menu` VALUES ('23bc9abc82daa2f9574e7b2dd3d85431', '935def5d0fc2c4a76ba3b1c57f3db65d', 'e4dca1309de7f2d9efa1f09beb5ae34a', '2024-08-07 10:00:14', '2024-08-07 10:00:14', '0');
INSERT INTO `sys_role_menu` VALUES ('25db5a5bbab02760be3fe26aec745f42', '935def5d0fc2c4a76ba3b1c57f3db65d', 'a88286a2308fb14175868ded546953b7', '2024-08-07 10:00:14', '2024-08-07 10:00:14', '0');
INSERT INTO `sys_role_menu` VALUES ('317f08eaca284bb9803afe4e843ab799', '935def5d0fc2c4a76ba3b1c57f3db65d', '240307c217e98687e93b05c16a5424aa', '2024-08-07 10:00:14', '2024-08-07 10:00:14', '0');
INSERT INTO `sys_role_menu` VALUES ('3209a005a2d74aa7025c9e58604671f7', '935def5d0fc2c4a76ba3b1c57f3db65d', 'ff635db54aeba2e9ca4968973347685e', '2024-08-07 10:00:14', '2024-08-07 10:00:14', '0');
INSERT INTO `sys_role_menu` VALUES ('3458f9b3abe6609d46ca8ffbc4694e61', '935def5d0fc2c4a76ba3b1c57f3db65d', '0186f5e32d71f917bd4cb4d693346cde', '2024-08-07 10:00:14', '2024-08-07 10:00:14', '0');
INSERT INTO `sys_role_menu` VALUES ('34fec7b6610e077bb3b533c384feedca', '935def5d0fc2c4a76ba3b1c57f3db65d', '90afc646c4b5570f592038959f1e654a', '2024-08-07 10:00:14', '2024-08-07 10:00:14', '0');
INSERT INTO `sys_role_menu` VALUES ('363cbf7144b7a6b67232fb0dec8cfd03', '935def5d0fc2c4a76ba3b1c57f3db65d', 'a3a7a0cf00f49ca90765dd869d5ce399', '2024-08-07 10:00:14', '2024-08-07 10:00:14', '0');
INSERT INTO `sys_role_menu` VALUES ('3fd351b2be01101eebe268a2917adab3', '935def5d0fc2c4a76ba3b1c57f3db65d', '0c2f7bcab57cd177ddce93fa5057c993', '2024-08-07 10:00:14', '2024-08-07 10:00:14', '0');
INSERT INTO `sys_role_menu` VALUES ('404470fa7351d7245c94b16e4467eb1d', '935def5d0fc2c4a76ba3b1c57f3db65d', 'd839e3275f5fa4b708929c93f1bc531a', '2024-08-07 10:00:14', '2024-08-07 10:00:14', '0');
INSERT INTO `sys_role_menu` VALUES ('432acbf9f7607ec687a7fd9de1b00f60', '935def5d0fc2c4a76ba3b1c57f3db65d', '41b3f4ce407fa92523593c6edda2dab8', '2024-08-07 10:00:14', '2024-08-07 10:00:14', '0');
INSERT INTO `sys_role_menu` VALUES ('46c5f1e713e8cf34f76d492bb88ed08d', '935def5d0fc2c4a76ba3b1c57f3db65d', 'cd0f17b0d5ff3de2ddc974e07681f13e', '2024-08-07 10:00:14', '2024-08-07 10:00:14', '0');
INSERT INTO `sys_role_menu` VALUES ('4b33b856412290cd7c8b3a41f26a26f1', '935def5d0fc2c4a76ba3b1c57f3db65d', 'be190c8cd6238ea9119a0befa954cf7a', '2024-08-07 10:00:14', '2024-08-07 10:00:14', '0');
INSERT INTO `sys_role_menu` VALUES ('4baed0f95514130e019da5b76450e8f7', '935def5d0fc2c4a76ba3b1c57f3db65d', '471c8a9a73d0e2bfa59eb40adffb3869', '2024-08-07 10:00:14', '2024-08-07 10:00:14', '0');
INSERT INTO `sys_role_menu` VALUES ('53ba09876cd0faee652f80ddcc0df5f9', '935def5d0fc2c4a76ba3b1c57f3db65d', '77b30e9d5b7f261153c67947ae97963e', '2024-08-07 10:00:14', '2024-08-07 10:00:14', '0');
INSERT INTO `sys_role_menu` VALUES ('540367205f8d5c48ac339839a38eea87', '935def5d0fc2c4a76ba3b1c57f3db65d', 'f65a794f7aaa73d994048c53a928fbec', '2024-08-07 10:00:14', '2024-08-07 10:00:14', '0');
INSERT INTO `sys_role_menu` VALUES ('5462d061c9c741cd96e34e61c4552779', '935def5d0fc2c4a76ba3b1c57f3db65d', '3aac4a4b0b7284bc52b5308e776d14ea', '2024-08-07 10:00:14', '2024-08-07 10:00:14', '0');
INSERT INTO `sys_role_menu` VALUES ('5afcf35249ffd40c3e964dec832d34ae', '935def5d0fc2c4a76ba3b1c57f3db65d', '5c98ab7391bde87525c3a41a4d0e72cf', '2024-08-07 10:00:14', '2024-08-07 10:00:14', '0');
INSERT INTO `sys_role_menu` VALUES ('64716b8aa348bf9350a92b757afaa9fb', '935def5d0fc2c4a76ba3b1c57f3db65d', '3d1d3a7f07e06ed44d8c451125b42963', '2024-08-07 10:00:14', '2024-08-07 10:00:14', '0');
INSERT INTO `sys_role_menu` VALUES ('6c492c71089e829b743e86a692cd7d71', '935def5d0fc2c4a76ba3b1c57f3db65d', 'af19e30c6aa4f2fa195918528273aa6d', '2024-08-07 10:00:14', '2024-08-07 10:00:14', '0');
INSERT INTO `sys_role_menu` VALUES ('6d4230aadceeda9e3e60bfef691a80f0', '935def5d0fc2c4a76ba3b1c57f3db65d', '16e3dc94b0a0b0ab3eb491d4e172295d', '2024-08-07 10:00:14', '2024-08-07 10:00:14', '0');
INSERT INTO `sys_role_menu` VALUES ('73499144523f59701f2869216bf1307e', '935def5d0fc2c4a76ba3b1c57f3db65d', 'f61f9dc267e64d6fd6b509030ef9b756', '2024-08-07 10:00:14', '2024-08-07 10:00:14', '0');
INSERT INTO `sys_role_menu` VALUES ('73d8b112ccf131d1c5b87c5d875ca9d5', '935def5d0fc2c4a76ba3b1c57f3db65d', 'b9d414c8de0b6ba6e2c44ab59e0ce8a9', '2024-08-07 10:00:14', '2024-08-07 10:00:14', '0');
INSERT INTO `sys_role_menu` VALUES ('7cce1131ea93453555c85cfa04e946b5', '935def5d0fc2c4a76ba3b1c57f3db65d', '8be50fe7341b636c2115ea7c9cf36854', '2024-08-07 10:00:14', '2024-08-07 10:00:14', '0');
INSERT INTO `sys_role_menu` VALUES ('8aaa32dc524f7398ed45d3d57f02c603', '935def5d0fc2c4a76ba3b1c57f3db65d', 'b602e401093b6a40da8dc0101570bcf9', '2024-08-07 10:00:14', '2024-08-07 10:00:14', '0');
INSERT INTO `sys_role_menu` VALUES ('8d0c32996e50e060847fd8f9fcaf47a7', '935def5d0fc2c4a76ba3b1c57f3db65d', '5ef83c1291ff3e1f435c3dffbf1be55a', '2024-08-07 10:00:14', '2024-08-07 10:00:14', '0');
INSERT INTO `sys_role_menu` VALUES ('96c6efa087e25c8e88b5e92856fd51c4', '935def5d0fc2c4a76ba3b1c57f3db65d', '5e567f2c0646723f318be3290811da6b', '2024-08-07 10:00:14', '2024-08-07 10:00:14', '0');
INSERT INTO `sys_role_menu` VALUES ('9dedb3dfe9f4b043cd264444c709cf6c', '935def5d0fc2c4a76ba3b1c57f3db65d', 'af1ddec5003e789ea5d167e7b8b0a773', '2024-08-07 10:00:14', '2024-08-07 10:00:14', '0');
INSERT INTO `sys_role_menu` VALUES ('9f94cdadae4084a7e92914daa0442cb6', '935def5d0fc2c4a76ba3b1c57f3db65d', 'f0c2e6792c806012822fcef73c0b44c3', '2024-08-07 10:00:14', '2024-08-07 10:00:14', '0');
INSERT INTO `sys_role_menu` VALUES ('a6379a0272a64595b58890aecc021d73', '935def5d0fc2c4a76ba3b1c57f3db65d', '05fa1dd782ad6b196769e9d9585ff6f3', '2024-08-07 10:00:14', '2024-08-07 10:00:14', '0');
INSERT INTO `sys_role_menu` VALUES ('ae44e4b07d46b0227a1b61e88c6c2fe2', '935def5d0fc2c4a76ba3b1c57f3db65d', 'a14e227cf950c10bc96bfc9061487a87', '2024-08-07 10:00:14', '2024-08-07 10:00:14', '0');
INSERT INTO `sys_role_menu` VALUES ('b5da5f8ddb3493636db8c4682e8b0792', '935def5d0fc2c4a76ba3b1c57f3db65d', 'f8bd0f8742c68ddfae6acaa2a26cef69', '2024-08-07 10:00:14', '2024-08-07 10:00:14', '0');
INSERT INTO `sys_role_menu` VALUES ('b720242a10a9b64232914fdcfe1cf6d7', '935def5d0fc2c4a76ba3b1c57f3db65d', '6be6b8ccf9fba11ce330f2efaeb51c94', '2024-08-07 10:00:14', '2024-08-07 10:00:14', '0');
INSERT INTO `sys_role_menu` VALUES ('bfadfe25dbf0e3fd1c180ebf218c5189', '935def5d0fc2c4a76ba3b1c57f3db65d', 'efafe29a11921a7026b73d59dfcaa0b4', '2024-08-07 10:00:14', '2024-08-07 10:00:14', '0');
INSERT INTO `sys_role_menu` VALUES ('c0a104af86a6b9074f73784d86261ddb', '935def5d0fc2c4a76ba3b1c57f3db65d', '440867f56dbf23944789d672b158bd32', '2024-08-07 10:00:14', '2024-08-07 10:00:14', '0');
INSERT INTO `sys_role_menu` VALUES ('c528c905799ba8625580e5ecbea171db', '935def5d0fc2c4a76ba3b1c57f3db65d', '7e6e754ee2d1f2e0339b5a275a45acdd', '2024-08-07 10:00:14', '2024-08-07 10:00:14', '0');
INSERT INTO `sys_role_menu` VALUES ('c90f7e667bf5a89bc5f55e582db8f742', '935def5d0fc2c4a76ba3b1c57f3db65d', '6491c0ddc37084a317b7bf0d5c4817cb', '2024-08-07 10:00:14', '2024-08-07 10:00:14', '0');
INSERT INTO `sys_role_menu` VALUES ('d0a49cadd5ee8945e25f32f4afaf1aec', '935def5d0fc2c4a76ba3b1c57f3db65d', '6092364759758c2cd63808bdceba4405', '2024-08-07 10:00:14', '2024-08-07 10:00:14', '0');
INSERT INTO `sys_role_menu` VALUES ('d7408aa70bd723cd1b05e443f6d20801', '935def5d0fc2c4a76ba3b1c57f3db65d', '4cfb361d436950364b6f99cf12501425', '2024-08-07 10:00:14', '2024-08-07 10:00:14', '0');
INSERT INTO `sys_role_menu` VALUES ('d7833afbe681e7cafed99e5228c82e4a', '935def5d0fc2c4a76ba3b1c57f3db65d', '1298ab16f667edbece17a2b73cf51fc0', '2024-08-07 10:00:14', '2024-08-07 10:00:14', '0');
INSERT INTO `sys_role_menu` VALUES ('d87359c9d649c10d150495e249969905', '935def5d0fc2c4a76ba3b1c57f3db65d', '2d812ec5ddaedd70c93a2f78ab984334', '2024-08-07 10:00:14', '2024-08-07 10:00:14', '0');
INSERT INTO `sys_role_menu` VALUES ('d917e641e7d2e42d67c4429559671dee', '935def5d0fc2c4a76ba3b1c57f3db65d', 'ba5f42390d98d1ac546119627cec0b37', '2024-08-07 10:00:14', '2024-08-07 10:00:14', '0');
INSERT INTO `sys_role_menu` VALUES ('d9b7656aba898f04c7b22170648283d1', '935def5d0fc2c4a76ba3b1c57f3db65d', 'afef72e3ee28af35f2de19ba4c1dc88e', '2024-08-07 10:00:14', '2024-08-07 10:00:14', '0');
INSERT INTO `sys_role_menu` VALUES ('ea25fb3447991d514069308a6988d333', '935def5d0fc2c4a76ba3b1c57f3db65d', '30318a16f713de861d99a789e0caac77', '2024-08-07 10:00:14', '2024-08-07 10:00:14', '0');
INSERT INTO `sys_role_menu` VALUES ('fd29d49777f9137b9d453e91f0a60f8e', '935def5d0fc2c4a76ba3b1c57f3db65d', 'f60544908c9665fe8a7bbc8718531f99', '2024-08-07 10:00:14', '2024-08-07 10:00:14', '0');

-- ----------------------------
-- Table structure for sys_todo
-- ----------------------------
DROP TABLE IF EXISTS `sys_todo`;
CREATE TABLE `sys_todo`  (
  `id` varchar(50) CHARACTER SET utf8mb4 COLLATE utf8mb4_general_ci NOT NULL COMMENT 'id',
  `create_time` datetime NULL DEFAULT NULL COMMENT '创建时间',
  `update_time` datetime NULL DEFAULT NULL COMMENT '修改时间',
  `done` char(1) CHARACTER SET utf8mb4 COLLATE utf8mb4_general_ci NULL DEFAULT NULL COMMENT '状态',
  `text` varchar(50) CHARACTER SET utf8mb4 COLLATE utf8mb4_general_ci NULL DEFAULT NULL COMMENT '内容',
  `create_by` varchar(255) CHARACTER SET utf8mb4 COLLATE utf8mb4_general_ci NULL DEFAULT NULL COMMENT '创建人',
  PRIMARY KEY (`id`) USING BTREE
) ENGINE = InnoDB CHARACTER SET = utf8mb4 COLLATE = utf8mb4_general_ci COMMENT = '备忘录' ROW_FORMAT = DYNAMIC;

-- ----------------------------
-- Records of sys_todo
-- ----------------------------
INSERT INTO `sys_todo` VALUES ('1dcba433dcff57f17f82d1bbdabadfd4', '2022-11-29 17:01:56', '2023-08-07 09:46:12', '1', '网站备案', NULL);
INSERT INTO `sys_todo` VALUES ('7fbf8cdf5b49cf0f6362d4f64b55feb0', '2022-12-07 14:54:07', '2024-07-09 16:42:11', '0', '资源前台展示', NULL);
INSERT INTO `sys_todo` VALUES ('ad59208e42473b57794d69034f4869da', '2022-12-07 15:09:05', '2023-01-06 09:02:24', '1', '项目日志', NULL);
INSERT INTO `sys_todo` VALUES ('b894ce623f551d8495be0fdaea64bb01', '2022-12-07 14:51:55', '2024-05-13 18:06:41', '1', '时间线开发', NULL);
INSERT INTO `sys_todo` VALUES ('c4762dec027acc74786eafca0d50a494', '2022-12-08 14:24:41', '2022-12-08 15:12:04', '1', '优化资源页显示', NULL);
INSERT INTO `sys_todo` VALUES ('ecb4e59a419d74dd1c9cfc56e9eb60d7', '2022-12-07 14:51:15', '2022-12-08 14:23:21', '1', '折线图开发', NULL);
INSERT INTO `sys_todo` VALUES ('f84a1b530e4f7eac8f74709d7a057bf3', '2022-12-07 14:52:04', '2022-12-16 16:58:55', '1', '项目文档', NULL);

-- ----------------------------
-- Table structure for sys_user
-- ----------------------------
DROP TABLE IF EXISTS `sys_user`;
CREATE TABLE `sys_user`  (
  `id` varchar(50) CHARACTER SET utf8mb4 COLLATE utf8mb4_general_ci NOT NULL COMMENT '会员id',
  `username` varchar(20) CHARACTER SET utf8mb4 COLLATE utf8mb4_general_ci NOT NULL DEFAULT '' COMMENT '用户名',
  `password` varchar(32) CHARACTER SET utf8mb4 COLLATE utf8mb4_general_ci NOT NULL DEFAULT '' COMMENT '密码',
  `name` varchar(50) CHARACTER SET utf8mb4 COLLATE utf8mb4_general_ci NULL DEFAULT NULL COMMENT '姓名',
  `phone` varchar(11) CHARACTER SET utf8mb4 COLLATE utf8mb4_general_ci NULL DEFAULT NULL COMMENT '手机',
  `head_url` varchar(200) CHARACTER SET utf8mb4 COLLATE utf8mb4_general_ci NULL DEFAULT NULL COMMENT '头像地址',
  `dept_id` bigint(20) NULL DEFAULT NULL COMMENT '部门id',
  `post_id` bigint(20) NULL DEFAULT NULL COMMENT '岗位id',
  `open_id` varchar(255) CHARACTER SET utf8mb4 COLLATE utf8mb4_general_ci NULL DEFAULT NULL COMMENT '微信openId',
  `description` varchar(255) CHARACTER SET utf8mb4 COLLATE utf8mb4_general_ci NULL DEFAULT NULL COMMENT '描述',
  `status` char(1) CHARACTER SET utf8mb4 COLLATE utf8mb4_general_ci NULL DEFAULT NULL COMMENT '状态（1：正常 0：停用）',
  `create_time` timestamp NOT NULL DEFAULT CURRENT_TIMESTAMP COMMENT '创建时间',
  `update_time` timestamp NOT NULL DEFAULT CURRENT_TIMESTAMP ON UPDATE CURRENT_TIMESTAMP COMMENT '更新时间',
  `is_deleted` char(1) CHARACTER SET utf8mb4 COLLATE utf8mb4_general_ci NOT NULL DEFAULT '0' COMMENT '删除标记（0:不可用 1:可用）',
  `sex` char(1) CHARACTER SET utf8mb4 COLLATE utf8mb4_general_ci NULL DEFAULT NULL COMMENT '性别（0：男 1：女 ）',
  `create_by` varchar(255) CHARACTER SET utf8mb4 COLLATE utf8mb4_general_ci NULL DEFAULT NULL COMMENT '创建人',
  `update_by` varchar(255) CHARACTER SET utf8mb4 COLLATE utf8mb4_general_ci NULL DEFAULT NULL COMMENT '修改人',
  `is_super` char(1) CHARACTER SET utf8mb4 COLLATE utf8mb4_general_ci NULL DEFAULT '' COMMENT '是否是超级管理员',
  PRIMARY KEY (`id`) USING BTREE,
  UNIQUE INDEX `idx_username`(`username`) USING BTREE
) ENGINE = InnoDB CHARACTER SET = utf8mb4 COLLATE = utf8mb4_general_ci COMMENT = '用户表' ROW_FORMAT = DYNAMIC;

-- ----------------------------
-- Records of sys_user
-- ----------------------------
INSERT INTO `sys_user` VALUES ('149dd22e7c4e8b0f1121ac1d3718dd93', 'admin', '96e79218965eb72c92a549dd5a330112', 'mmcl', '', NULL, NULL, NULL, NULL, NULL, '1', '2024-05-09 11:40:34', '2024-07-26 17:45:36', '0', '0', '', 'admin', '1');
INSERT INTO `sys_user` VALUES ('32babfb976bae4a061bc3e310e688438', 'lisi', '96e79218965eb72c92a549dd5a330112', NULL, NULL, NULL, NULL, NULL, NULL, NULL, '1', '2024-08-01 11:25:45', '2024-08-01 11:25:45', '0', NULL, 'admin', NULL, '');
INSERT INTO `sys_user` VALUES ('35390c56c7ec958698a1a8ad52a255c0', 'zhangsan', '96e79218965eb72c92a549dd5a330112', NULL, NULL, NULL, NULL, NULL, NULL, NULL, '1', '2024-08-01 11:25:35', '2024-08-01 11:25:35', '0', NULL, 'admin', NULL, '');
INSERT INTO `sys_user` VALUES ('e12a5c78bb9f2339b610a3130e925c3f', 'wangwu', '96e79218965eb72c92a549dd5a330112', NULL, NULL, NULL, NULL, NULL, NULL, NULL, '1', '2024-08-01 11:25:54', '2024-08-01 11:25:54', '0', NULL, 'admin', NULL, '');

-- ----------------------------
-- Table structure for sys_user_role
-- ----------------------------
DROP TABLE IF EXISTS `sys_user_role`;
CREATE TABLE `sys_user_role`  (
  `id` varchar(50) CHARACTER SET utf8 COLLATE utf8_general_ci NOT NULL COMMENT '主键id',
  `role_id` varchar(50) CHARACTER SET utf8 COLLATE utf8_general_ci NOT NULL DEFAULT '0' COMMENT '角色id',
  `user_id` varchar(50) CHARACTER SET utf8 COLLATE utf8_general_ci NOT NULL DEFAULT '0' COMMENT '用户id',
  `create_time` timestamp NOT NULL DEFAULT CURRENT_TIMESTAMP COMMENT '创建时间',
  `update_time` timestamp NOT NULL DEFAULT CURRENT_TIMESTAMP ON UPDATE CURRENT_TIMESTAMP COMMENT '更新时间',
  `is_deleted` char(1) CHARACTER SET utf8 COLLATE utf8_general_ci NOT NULL DEFAULT '0' COMMENT '删除标记（0:不可用 1:可用）',
  PRIMARY KEY (`id`) USING BTREE,
  INDEX `idx_role_id`(`role_id`) USING BTREE,
  INDEX `idx_admin_id`(`user_id`) USING BTREE
) ENGINE = InnoDB CHARACTER SET = utf8 COLLATE = utf8_general_ci COMMENT = '用户角色' ROW_FORMAT = DYNAMIC;

-- ----------------------------
-- Records of sys_user_role
-- ----------------------------
INSERT INTO `sys_user_role` VALUES ('455be543266d5f4f89a6d0c38c4c6e41', '935def5d0fc2c4a76ba3b1c57f3db65d', '35390c56c7ec958698a1a8ad52a255c0', '2024-08-01 11:29:30', '2024-08-01 11:29:30', '0');
INSERT INTO `sys_user_role` VALUES ('b8f442804bc8b9f6ee5a9f0e65876482', '935def5d0fc2c4a76ba3b1c57f3db65d', 'e12a5c78bb9f2339b610a3130e925c3f', '2024-08-01 11:29:24', '2024-08-01 11:29:24', '0');
INSERT INTO `sys_user_role` VALUES ('e24bf821f868ef87e3cf7a9ed174bda0', '935def5d0fc2c4a76ba3b1c57f3db65d', '32babfb976bae4a061bc3e310e688438', '2024-08-01 11:29:27', '2024-08-01 11:29:27', '0');

-- ----------------------------
-- Table structure for sys_web_information
-- ----------------------------
DROP TABLE IF EXISTS `sys_web_information`;
CREATE TABLE `sys_web_information`  (
  `id` int(11) NOT NULL COMMENT 'id',
  `web_name` varchar(255) CHARACTER SET utf8mb4 COLLATE utf8mb4_general_ci NULL DEFAULT NULL COMMENT '网站名称',
  `web_details` varchar(255) CHARACTER SET utf8mb4 COLLATE utf8mb4_general_ci NULL DEFAULT NULL COMMENT '网站详情',
  `web_avatar` varchar(500) CHARACTER SET utf8mb4 COLLATE utf8mb4_general_ci NULL DEFAULT NULL COMMENT '头像',
  `qq` varchar(255) CHARACTER SET utf8mb4 COLLATE utf8mb4_general_ci NULL DEFAULT NULL COMMENT 'qq',
  `wechat` varchar(255) CHARACTER SET utf8mb4 COLLATE utf8mb4_general_ci NULL DEFAULT NULL COMMENT '微信',
  `github` varchar(255) CHARACTER SET utf8mb4 COLLATE utf8mb4_general_ci NULL DEFAULT NULL COMMENT 'github',
  `gitee` varchar(255) CHARACTER SET utf8mb4 COLLATE utf8mb4_general_ci NULL DEFAULT NULL COMMENT 'gitee',
  `create_time` datetime NULL DEFAULT NULL COMMENT '创建时间',
  `update_time` datetime NULL DEFAULT NULL COMMENT '修改时间',
  `home_banner` varchar(500) CHARACTER SET utf8mb4 COLLATE utf8mb4_general_ci NULL DEFAULT NULL COMMENT '首页背景图',
  `article_banner` varchar(500) CHARACTER SET utf8mb4 COLLATE utf8mb4_general_ci NULL DEFAULT NULL COMMENT '文章背景图',
  `wechat_img` varchar(255) CHARACTER SET utf8mb4 COLLATE utf8mb4_general_ci NULL DEFAULT NULL COMMENT '微信二维码',
  `email` varchar(255) CHARACTER SET utf8mb4 COLLATE utf8mb4_general_ci NULL DEFAULT NULL COMMENT '邮箱',
  `comment_img` varchar(500) CHARACTER SET utf8mb4 COLLATE utf8mb4_general_ci NULL DEFAULT NULL COMMENT '评论头像',
  `record_number` varchar(50) CHARACTER SET utf8mb4 COLLATE utf8mb4_general_ci NULL DEFAULT NULL COMMENT '备案号',
  `create_by` varchar(255) CHARACTER SET utf8mb4 COLLATE utf8mb4_general_ci NULL DEFAULT NULL COMMENT '创建人',
  PRIMARY KEY (`id`) USING BTREE
) ENGINE = InnoDB CHARACTER SET = utf8mb4 COLLATE = utf8mb4_general_ci COMMENT = '网站基本信息' ROW_FORMAT = DYNAMIC;

-- ----------------------------
-- Records of sys_web_information
-- ----------------------------
INSERT INTO `sys_web_information` VALUES (1, '漫漫前路', '<p>长路漫漫，吾将上下而求索。</p>', 'https://vue-vblog.oss-cn-shenzhen.aliyuncs.com/webLogo/2022/09/16/de051c412f2f46ba92de7817496cb605.jpg', '946232976', 'fr946232976', 'https://github.com/Jzjzzzz', 'https://gitee.com/jzjzz', '2022-07-28 20:16:13', '2023-01-06 15:30:49', 'https://vue-vblog.oss-cn-shenzhen.aliyuncs.com/webLogo/2022/08/09/a108c42fa21a43a4940c3e08cfd33c4f.jpg', 'https://vue-vblog.oss-cn-shenzhen.aliyuncs.com/webLogo/2022/08/10/9d26abe18ec84eadbaa8b9f180fefee6.jpg', 'https://vue-vblog.oss-cn-shenzhen.aliyuncs.com/webLogo/2022/09/08/f2330c187a6040ed8a74df5aae1cb763.jpg', '946232976@qq.com', 'https://vue-vblog.oss-cn-shenzhen.aliyuncs.com/webLogo/2022/09/19/1b0d32a2d72e4ed58b7cc6ede72621b0.png', '桂ICP备2022010904号-1', 'admin');

SET FOREIGN_KEY_CHECKS = 1;
